date,sku,opening_stock,receipts,closing_stock
2025-10-01,SKU001,72,0,72
2025-10-02,SKU001,72,26,92
2025-10-03,SKU001,92,0,89
2025-10-04,SKU001,89,63,145
2025-10-05,SKU001,145,47,191
2025-10-06,SKU001,191,53,243
2025-10-07,SKU001,243,0,243
2025-10-08,SKU001,243,0,234
2025-10-09,SKU001,234,0,234
2025-10-10,SKU001,234,70,295
2025-10-11,SKU001,295,0,295
2025-10-12,SKU001,295,0,287
2025-10-13,SKU001,287,0,279
2025-10-14,SKU001,279,0,274
2025-10-15,SKU001,274,0,267
2025-10-16,SKU001,267,0,263
2025-10-17,SKU001,263,0,263
2025-10-18,SKU001,263,0,254
2025-10-19,SKU001,254,22,276
2025-10-20,SKU001,276,0,275
2025-10-21,SKU001,275,0,268
2025-10-22,SKU001,268,51,317
2025-10-23,SKU001,317,0,315
2025-10-24,SKU001,315,0,306
2025-10-25,SKU001,306,0,305
2025-10-26,SKU001,305,0,299
2025-10-27,SKU001,299,0,293
2025-10-28,SKU001,293,0,293
2025-10-29,SKU001,293,0,293
2025-10-30,SKU001,293,0,285
2025-10-31,SKU001,285,0,284
2025-11-01,SKU001,284,74,357
2025-11-02,SKU001,357,79,431
2025-11-03,SKU001,431,0,430
2025-11-04,SKU001,430,0,426
2025-11-05,SKU001,426,44,465
2025-11-06,SKU001,465,34,491
2025-11-07,SKU001,491,0,487
2025-11-08,SKU001,487,0,482
2025-11-09,SKU001,482,61,536
2025-11-10,SKU001,536,0,535
2025-11-11,SKU001,535,0,527
2025-11-12,SKU001,527,0,522
2025-11-13,SKU001,522,77,596
2025-11-14,SKU001,596,0,595
2025-11-15,SKU001,595,66,658
2025-11-16,SKU001,658,28,682
2025-11-17,SKU001,682,66,747
2025-11-18,SKU001,747,0,745
2025-11-19,SKU001,745,73,812
2025-11-20,SKU001,812,0,812
2025-11-21,SKU001,812,42,846
2025-11-22,SKU001,846,0,846
2025-11-23,SKU001,846,0,840
2025-11-24,SKU001,840,0,832
2025-11-25,SKU001,832,0,825
2025-11-26,SKU001,825,0,823
2025-11-27,SKU001,823,0,822
2025-11-28,SKU001,822,0,820
2025-11-29,SKU001,820,26,842
2025-11-30,SKU001,842,77,915
2025-12-01,SKU001,915,67,980
2025-12-02,SKU001,980,0,974
2025-12-03,SKU001,974,0,965
2025-12-04,SKU001,965,0,959
2025-12-05,SKU001,959,0,959
2025-12-06,SKU001,959,0,952
2025-12-07,SKU001,952,0,949
2025-12-08,SKU001,949,0,945
2025-12-09,SKU001,945,48,984
2025-12-10,SKU001,984,0,978
2025-12-11,SKU001,978,0,974
2025-12-12,SKU001,974,0,969
2025-12-13,SKU001,969,0,969
2025-12-14,SKU001,969,0,965
2025-12-15,SKU001,965,0,956
2025-12-16,SKU001,956,62,1011
2025-12-17,SKU001,1011,0,1009
2025-12-18,SKU001,1009,0,1003
2025-12-19,SKU001,1003,0,994
2025-12-20,SKU001,994,73,1067
2025-12-21,SKU001,1067,0,1058
2025-12-22,SKU001,1058,0,1049
2025-12-23,SKU001,1049,0,1041
2025-12-24,SKU001,1041,35,1075
2025-12-25,SKU001,1075,0,1073
2025-12-26,SKU001,1073,0,1064
2025-12-27,SKU001,1064,0,1056
2025-12-28,SKU001,1056,0,1055
2025-12-29,SKU001,1055,24,1070
2025-12-30,SKU001,1070,0,1069
2025-12-31,SKU001,1069,44,1111
2025-10-01,SKU002,51,0,46
2025-10-02,SKU002,46,0,43
2025-10-03,SKU002,43,0,35
2025-10-04,SKU002,35,0,32
2025-10-05,SKU002,32,0,28
2025-10-06,SKU002,28,0,23
2025-10-07,SKU002,23,0,23
2025-10-08,SKU002,23,0,14
2025-10-09,SKU002,14,57,67
2025-10-10,SKU002,67,0,63
2025-10-11,SKU002,63,63,121
2025-10-12,SKU002,121,0,115
2025-10-13,SKU002,115,0,109
2025-10-14,SKU002,109,0,101
2025-10-15,SKU002,101,0,99
2025-10-16,SKU002,99,0,91
2025-10-17,SKU002,91,55,138
2025-10-18,SKU002,138,0,134
2025-10-19,SKU002,134,0,134
2025-10-20,SKU002,134,0,130
2025-10-21,SKU002,130,0,124
2025-10-22,SKU002,124,0,118
2025-10-23,SKU002,118,0,116
2025-10-24,SKU002,116,46,162
2025-10-25,SKU002,162,0,155
2025-10-26,SKU002,155,0,147
2025-10-27,SKU002,147,0,139
2025-10-28,SKU002,139,0,130
2025-10-29,SKU002,130,0,130
2025-10-30,SKU002,130,0,121
2025-10-31,SKU002,121,59,180
2025-11-01,SKU002,180,29,207
2025-11-02,SKU002,207,0,203
2025-11-03,SKU002,203,0,201
2025-11-04,SKU002,201,0,200
2025-11-05,SKU002,200,0,192
2025-11-06,SKU002,192,0,183
2025-11-07,SKU002,183,0,183
2025-11-08,SKU002,183,0,174
2025-11-09,SKU002,174,70,240
2025-11-10,SKU002,240,67,306
2025-11-11,SKU002,306,0,300
2025-11-12,SKU002,300,0,293
2025-11-13,SKU002,293,0,291
2025-11-14,SKU002,291,72,358
2025-11-15,SKU002,358,0,355
2025-11-16,SKU002,355,0,353
2025-11-17,SKU002,353,0,352
2025-11-18,SKU002,352,0,343
2025-11-19,SKU002,343,27,365
2025-11-20,SKU002,365,0,363
2025-11-21,SKU002,363,0,357
2025-11-22,SKU002,357,0,357
2025-11-23,SKU002,357,0,352
2025-11-24,SKU002,352,0,344
2025-11-25,SKU002,344,0,343
2025-11-26,SKU002,343,0,334
2025-11-27,SKU002,334,0,329
2025-11-28,SKU002,329,0,321
2025-11-29,SKU002,321,0,315
2025-11-30,SKU002,315,50,356
2025-12-01,SKU002,356,0,351
2025-12-02,SKU002,351,0,349
2025-12-03,SKU002,349,0,340
2025-12-04,SKU002,340,0,340
2025-12-05,SKU002,340,0,340
2025-12-06,SKU002,340,0,336
2025-12-07,SKU002,336,0,327
2025-12-08,SKU002,327,0,327
2025-12-09,SKU002,327,0,323
2025-12-10,SKU002,323,0,314
2025-12-11,SKU002,314,0,314
2025-12-12,SKU002,314,0,305
2025-12-13,SKU002,305,0,297
2025-12-14,SKU002,297,0,294
2025-12-15,SKU002,294,0,291
2025-12-16,SKU002,291,0,287
2025-12-17,SKU002,287,66,345
2025-12-18,SKU002,345,56,401
2025-12-19,SKU002,401,0,396
2025-12-20,SKU002,396,0,392
2025-12-21,SKU002,392,0,385
2025-12-22,SKU002,385,0,380
2025-12-23,SKU002,380,0,378
2025-12-24,SKU002,378,0,371
2025-12-25,SKU002,371,0,370
2025-12-26,SKU002,370,0,362
2025-12-27,SKU002,362,74,436
2025-12-28,SKU002,436,73,502
2025-12-29,SKU002,502,72,573
2025-12-30,SKU002,573,0,566
2025-12-31,SKU002,566,0,563
2025-10-01,SKU003,186,54,238
2025-10-02,SKU003,238,37,268
2025-10-03,SKU003,268,20,281
2025-10-04,SKU003,281,0,272
2025-10-05,SKU003,272,61,328
2025-10-06,SKU003,328,0,325
2025-10-07,SKU003,325,0,325
2025-10-08,SKU003,325,24,342
2025-10-09,SKU003,342,0,336
2025-10-10,SKU003,336,67,401
2025-10-11,SKU003,401,30,424
2025-10-12,SKU003,424,0,423
2025-10-13,SKU003,423,0,422
2025-10-14,SKU003,422,23,436
2025-10-15,SKU003,436,22,453
2025-10-16,SKU003,453,0,452
2025-10-17,SKU003,452,0,450
2025-10-18,SKU003,450,0,446
2025-10-19,SKU003,446,55,496
2025-10-20,SKU003,496,0,491
2025-10-21,SKU003,491,0,486
2025-10-22,SKU003,486,0,481
2025-10-23,SKU003,481,0,479
2025-10-24,SKU003,479,0,476
2025-10-25,SKU003,476,42,511
2025-10-26,SKU003,511,0,503
2025-10-27,SKU003,503,0,499
2025-10-28,SKU003,499,64,558
2025-10-29,SKU003,558,0,558
2025-10-30,SKU003,558,0,558
2025-10-31,SKU003,558,0,549
2025-11-01,SKU003,549,0,544
2025-11-02,SKU003,544,0,539
2025-11-03,SKU003,539,73,609
2025-11-04,SKU003,609,0,606
2025-11-05,SKU003,606,0,597
2025-11-06,SKU003,597,0,589
2025-11-07,SKU003,589,0,587
2025-11-08,SKU003,587,0,578
2025-11-09,SKU003,578,0,571
2025-11-10,SKU003,571,0,563
2025-11-11,SKU003,563,70,624
2025-11-12,SKU003,624,0,621
2025-11-13,SKU003,621,0,613
2025-11-14,SKU003,613,0,611
2025-11-15,SKU003,611,0,609
2025-11-16,SKU003,609,0,606
2025-11-17,SKU003,606,0,605
2025-11-18,SKU003,605,0,604
2025-11-19,SKU003,604,0,602
2025-11-20,SKU003,602,0,594
2025-11-21,SKU003,594,0,587
2025-11-22,SKU003,587,24,605
2025-11-23,SKU003,605,31,630
2025-11-24,SKU003,630,0,622
2025-11-25,SKU003,622,0,614
2025-11-26,SKU003,614,0,607
2025-11-27,SKU003,607,0,601
2025-11-28,SKU003,601,71,665
2025-11-29,SKU003,665,0,656
2025-11-30,SKU003,656,0,650
2025-12-01,SKU003,650,0,643
2025-12-02,SKU003,643,58,698
2025-12-03,SKU003,698,68,760
2025-12-04,SKU003,760,0,751
2025-12-05,SKU003,751,0,749
2025-12-06,SKU003,749,0,749
2025-12-07,SKU003,749,0,749
2025-12-08,SKU003,749,0,742
2025-12-09,SKU003,742,0,742
2025-12-10,SKU003,742,0,737
2025-12-11,SKU003,737,0,728
2025-12-12,SKU003,728,33,760
2025-12-13,SKU003,760,0,758
2025-12-14,SKU003,758,0,752
2025-12-15,SKU003,752,0,747
2025-12-16,SKU003,747,60,805
2025-12-17,SKU003,805,0,800
2025-12-18,SKU003,800,0,798
2025-12-19,SKU003,798,0,791
2025-12-20,SKU003,791,0,791
2025-12-21,SKU003,791,0,785
2025-12-22,SKU003,785,0,783
2025-12-23,SKU003,783,0,783
2025-12-24,SKU003,783,0,778
2025-12-25,SKU003,778,0,774
2025-12-26,SKU003,774,0,770
2025-12-27,SKU003,770,0,762
2025-12-28,SKU003,762,0,759
2025-12-29,SKU003,759,0,752
2025-12-30,SKU003,752,0,746
2025-12-31,SKU003,746,26,767
2025-10-01,SKU004,122,54,170
2025-10-02,SKU004,170,0,168
2025-10-03,SKU004,168,0,160
2025-10-04,SKU004,160,0,158
2025-10-05,SKU004,158,0,151
2025-10-06,SKU004,151,0,144
2025-10-07,SKU004,144,31,170
2025-10-08,SKU004,170,0,169
2025-10-09,SKU004,169,0,161
2025-10-10,SKU004,161,26,181
2025-10-11,SKU004,181,0,172
2025-10-12,SKU004,172,0,170
2025-10-13,SKU004,170,0,164
2025-10-14,SKU004,164,0,162
2025-10-15,SKU004,162,36,189
2025-10-16,SKU004,189,76,260
2025-10-17,SKU004,260,0,254
2025-10-18,SKU004,254,0,251
2025-10-19,SKU004,251,0,244
2025-10-20,SKU004,244,0,244
2025-10-21,SKU004,244,23,265
2025-10-22,SKU004,265,0,257
2025-10-23,SKU004,257,64,320
2025-10-24,SKU004,320,53,373
2025-10-25,SKU004,373,0,365
2025-10-26,SKU004,365,0,363
2025-10-27,SKU004,363,0,357
2025-10-28,SKU004,357,0,357
2025-10-29,SKU004,357,33,388
2025-10-30,SKU004,388,0,388
2025-10-31,SKU004,388,0,388
2025-11-01,SKU004,388,0,384
2025-11-02,SKU004,384,0,379
2025-11-03,SKU004,379,0,378
2025-11-04,SKU004,378,0,371
2025-11-05,SKU004,371,62,428
2025-11-06,SKU004,428,0,428
2025-11-07,SKU004,428,50,470
2025-11-08,SKU004,470,0,469
2025-11-09,SKU004,469,49,511
2025-11-10,SKU004,511,0,508
2025-11-11,SKU004,508,38,543
2025-11-12,SKU004,543,0,536
2025-11-13,SKU004,536,0,533
2025-11-14,SKU004,533,0,532
2025-11-15,SKU004,532,48,574
2025-11-16,SKU004,574,0,574
2025-11-17,SKU004,574,0,567
2025-11-18,SKU004,567,0,561
2025-11-19,SKU004,561,0,560
2025-11-20,SKU004,560,40,594
2025-11-21,SKU004,594,0,592
2025-11-22,SKU004,592,0,586
2025-11-23,SKU004,586,0,583
2025-11-24,SKU004,583,57,631
2025-11-25,SKU004,631,0,628
2025-11-26,SKU004,628,74,700
2025-11-27,SKU004,700,0,697
2025-11-28,SKU004,697,0,694
2025-11-29,SKU004,694,0,691
2025-11-30,SKU004,691,0,688
2025-12-01,SKU004,688,0,687
2025-12-02,SKU004,687,0,682
2025-12-03,SKU004,682,0,680
2025-12-04,SKU004,680,59,739
2025-12-05,SKU004,739,0,738
2025-12-06,SKU004,738,31,765
2025-12-07,SKU004,765,0,763
2025-12-08,SKU004,763,0,763
2025-12-09,SKU004,763,67,827
2025-12-10,SKU004,827,0,819
2025-12-11,SKU004,819,70,887
2025-12-12,SKU004,887,50,933
2025-12-13,SKU004,933,74,1003
2025-12-14,SKU004,1003,0,996
2025-12-15,SKU004,996,0,991
2025-12-16,SKU004,991,0,990
2025-12-17,SKU004,990,0,987
2025-12-18,SKU004,987,0,982
2025-12-19,SKU004,982,0,976
2025-12-20,SKU004,976,0,972
2025-12-21,SKU004,972,0,965
2025-12-22,SKU004,965,0,959
2025-12-23,SKU004,959,0,959
2025-12-24,SKU004,959,0,957
2025-12-25,SKU004,957,41,996
2025-12-26,SKU004,996,39,1029
2025-12-27,SKU004,1029,0,1026
2025-12-28,SKU004,1026,0,1024
2025-12-29,SKU004,1024,63,1080
2025-12-30,SKU004,1080,32,1106
2025-12-31,SKU004,1106,0,1106
2025-10-01,SKU005,114,0,109
2025-10-02,SKU005,109,0,105
2025-10-03,SKU005,105,0,98
2025-10-04,SKU005,98,0,90
2025-10-05,SKU005,90,0,84
2025-10-06,SKU005,84,40,120
2025-10-07,SKU005,120,70,182
2025-10-08,SKU005,182,0,178
2025-10-09,SKU005,178,0,169
2025-10-10,SKU005,169,0,161
2025-10-11,SKU005,161,0,152
2025-10-12,SKU005,152,0,148
2025-10-13,SKU005,148,0,146
2025-10-14,SKU005,146,57,196
2025-10-15,SKU005,196,32,227
2025-10-16,SKU005,227,0,221
2025-10-17,SKU005,221,0,213
2025-10-18,SKU005,213,0,211
2025-10-19,SKU005,211,0,210
2025-10-20,SKU005,210,0,207
2025-10-21,SKU005,207,0,204
2025-10-22,SKU005,204,0,199
2025-10-23,SKU005,199,0,190
2025-10-24,SKU005,190,59,243
2025-10-25,SKU005,243,0,243
2025-10-26,SKU005,243,0,238
2025-10-27,SKU005,238,0,234
2025-10-28,SKU005,234,0,230
2025-10-29,SKU005,230,28,257
2025-10-30,SKU005,257,41,297
2025-10-31,SKU005,297,0,296
2025-11-01,SKU005,296,46,338
2025-11-02,SKU005,338,0,334
2025-11-03,SKU005,334,0,329
2025-11-04,SKU005,329,0,327
2025-11-05,SKU005,327,54,372
2025-11-06,SKU005,372,0,363
2025-11-07,SKU005,363,0,362
2025-11-08,SKU005,362,0,358
2025-11-09,SKU005,358,34,388
2025-11-10,SKU005,388,0,387
2025-11-11,SKU005,387,66,447
2025-11-12,SKU005,447,0,439
2025-11-13,SKU005,439,0,439
2025-11-14,SKU005,439,0,435
2025-11-15,SKU005,435,0,430
2025-11-16,SKU005,430,0,428
2025-11-17,SKU005,428,0,424
2025-11-18,SKU005,424,0,415
2025-11-19,SKU005,415,0,412
2025-11-20,SKU005,412,67,473
2025-11-21,SKU005,473,37,506
2025-11-22,SKU005,506,0,504
2025-11-23,SKU005,504,0,500
2025-11-24,SKU005,500,0,494
2025-11-25,SKU005,494,26,518
2025-11-26,SKU005,518,0,510
2025-11-27,SKU005,510,0,505
2025-11-28,SKU005,505,0,504
2025-11-29,SKU005,504,0,501
2025-11-30,SKU005,501,69,570
2025-12-01,SKU005,570,0,563
2025-12-02,SKU005,563,24,584
2025-12-03,SKU005,584,0,579
2025-12-04,SKU005,579,56,630
2025-12-05,SKU005,630,0,625
2025-12-06,SKU005,625,0,623
2025-12-07,SKU005,623,32,650
2025-12-08,SKU005,650,0,646
2025-12-09,SKU005,646,0,640
2025-12-10,SKU005,640,36,676
2025-12-11,SKU005,676,0,676
2025-12-12,SKU005,676,0,672
2025-12-13,SKU005,672,0,668
2025-12-14,SKU005,668,0,662
2025-12-15,SKU005,662,0,657
2025-12-16,SKU005,657,53,708
2025-12-17,SKU005,708,56,759
2025-12-18,SKU005,759,27,784
2025-12-19,SKU005,784,23,807
2025-12-20,SKU005,807,0,799
2025-12-21,SKU005,799,0,790
2025-12-22,SKU005,790,69,854
2025-12-23,SKU005,854,0,849
2025-12-24,SKU005,849,0,842
2025-12-25,SKU005,842,40,873
2025-12-26,SKU005,873,0,864
2025-12-27,SKU005,864,60,917
2025-12-28,SKU005,917,0,915
2025-12-29,SKU005,915,0,908
2025-12-30,SKU005,908,0,908
2025-12-31,SKU005,908,65,970
2025-10-01,SKU006,199,0,199
2025-10-02,SKU006,199,0,198
2025-10-03,SKU006,198,0,193
2025-10-04,SKU006,193,0,187
2025-10-05,SKU006,187,0,182
2025-10-06,SKU006,182,0,180
2025-10-07,SKU006,180,0,171
2025-10-08,SKU006,171,0,166
2025-10-09,SKU006,166,0,163
2025-10-10,SKU006,163,0,156
2025-10-11,SKU006,156,0,154
2025-10-12,SKU006,154,34,185
2025-10-13,SKU006,185,0,181
2025-10-14,SKU006,181,0,174
2025-10-15,SKU006,174,49,221
2025-10-16,SKU006,221,52,265
2025-10-17,SKU006,265,0,265
2025-10-18,SKU006,265,0,259
2025-10-19,SKU006,259,0,253
2025-10-20,SKU006,253,26,272
2025-10-21,SKU006,272,0,271
2025-10-22,SKU006,271,31,299
2025-10-23,SKU006,299,0,290
2025-10-24,SKU006,290,0,283
2025-10-25,SKU006,283,0,281
2025-10-26,SKU006,281,0,279
2025-10-27,SKU006,279,0,272
2025-10-28,SKU006,272,0,265
2025-10-29,SKU006,265,0,257
2025-10-30,SKU006,257,0,251
2025-10-31,SKU006,251,0,247
2025-11-01,SKU006,247,73,314
2025-11-02,SKU006,314,0,314
2025-11-03,SKU006,314,0,305
2025-11-04,SKU006,305,0,300
2025-11-05,SKU006,300,0,293
2025-11-06,SKU006,293,0,287
2025-11-07,SKU006,287,0,283
2025-11-08,SKU006,283,51,326
2025-11-09,SKU006,326,41,361
2025-11-10,SKU006,361,63,420
2025-11-11,SKU006,420,33,450
2025-11-12,SKU006,450,0,443
2025-11-13,SKU006,443,0,435
2025-11-14,SKU006,435,0,432
2025-11-15,SKU006,432,0,427
2025-11-16,SKU006,427,0,427
2025-11-17,SKU006,427,35,457
2025-11-18,SKU006,457,0,456
2025-11-19,SKU006,456,0,453
2025-11-20,SKU006,453,0,444
2025-11-21,SKU006,444,69,504
2025-11-22,SKU006,504,0,501
2025-11-23,SKU006,501,0,495
2025-11-24,SKU006,495,0,486
2025-11-25,SKU006,486,0,479
2025-11-26,SKU006,479,0,473
2025-11-27,SKU006,473,0,468
2025-11-28,SKU006,468,79,540
2025-11-29,SKU006,540,0,538
2025-11-30,SKU006,538,0,532
2025-12-01,SKU006,532,0,528
2025-12-02,SKU006,528,0,525
2025-12-03,SKU006,525,0,524
2025-12-04,SKU006,524,65,582
2025-12-05,SKU006,582,77,650
2025-12-06,SKU006,650,0,645
2025-12-07,SKU006,645,0,645
2025-12-08,SKU006,645,0,642
2025-12-09,SKU006,642,0,633
2025-12-10,SKU006,633,0,628
2025-12-11,SKU006,628,0,621
2025-12-12,SKU006,621,0,620
2025-12-13,SKU006,620,0,620
2025-12-14,SKU006,620,0,619
2025-12-15,SKU006,619,0,615
2025-12-16,SKU006,615,48,654
2025-12-17,SKU006,654,53,699
2025-12-18,SKU006,699,56,752
2025-12-19,SKU006,752,0,743
2025-12-20,SKU006,743,0,741
2025-12-21,SKU006,741,0,737
2025-12-22,SKU006,737,53,786
2025-12-23,SKU006,786,0,785
2025-12-24,SKU006,785,0,779
2025-12-25,SKU006,779,0,772
2025-12-26,SKU006,772,0,767
2025-12-27,SKU006,767,0,766
2025-12-28,SKU006,766,0,762
2025-12-29,SKU006,762,0,759
2025-12-30,SKU006,759,0,752
2025-12-31,SKU006,752,0,746
2025-10-01,SKU007,68,66,127
2025-10-02,SKU007,127,0,119
2025-10-03,SKU007,119,49,168
2025-10-04,SKU007,168,59,224
2025-10-05,SKU007,224,25,240
2025-10-06,SKU007,240,0,234
2025-10-07,SKU007,234,0,234
2025-10-08,SKU007,234,0,229
2025-10-09,SKU007,229,46,270
2025-10-10,SKU007,270,0,264
2025-10-11,SKU007,264,0,263
2025-10-12,SKU007,263,65,322
2025-10-13,SKU007,322,0,314
2025-10-14,SKU007,314,0,308
2025-10-15,SKU007,308,0,300
2025-10-16,SKU007,300,0,299
2025-10-17,SKU007,299,0,296
2025-10-18,SKU007,296,0,295
2025-10-19,SKU007,295,0,291
2025-10-20,SKU007,291,0,284
2025-10-21,SKU007,284,0,283
2025-10-22,SKU007,283,52,330
2025-10-23,SKU007,330,0,330
2025-10-24,SKU007,330,0,322
2025-10-25,SKU007,322,0,319
2025-10-26,SKU007,319,0,313
2025-10-27,SKU007,313,0,305
2025-10-28,SKU007,305,26,325
2025-10-29,SKU007,325,0,317
2025-10-30,SKU007,317,0,315
2025-10-31,SKU007,315,0,314
2025-11-01,SKU007,314,0,314
2025-11-02,SKU007,314,0,310
2025-11-03,SKU007,310,0,305
2025-11-04,SKU007,305,35,337
2025-11-05,SKU007,337,0,335
2025-11-06,SKU007,335,0,328
2025-11-07,SKU007,328,0,321
2025-11-08,SKU007,321,0,319
2025-11-09,SKU007,319,47,358
2025-11-10,SKU007,358,79,433
2025-11-11,SKU007,433,0,430
2025-11-12,SKU007,430,0,423
2025-11-13,SKU007,423,0,418
2025-11-14,SKU007,418,0,414
2025-11-15,SKU007,414,0,413
2025-11-16,SKU007,413,0,407
2025-11-17,SKU007,407,0,404
2025-11-18,SKU007,404,32,427
2025-11-19,SKU007,427,0,426
2025-11-20,SKU007,426,0,419
2025-11-21,SKU007,419,0,416
2025-11-22,SKU007,416,26,438
2025-11-23,SKU007,438,0,433
2025-11-24,SKU007,433,64,493
2025-11-25,SKU007,493,0,485
2025-11-26,SKU007,485,70,554
2025-11-27,SKU007,554,0,547
2025-11-28,SKU007,547,0,542
2025-11-29,SKU007,542,0,538
2025-11-30,SKU007,538,0,530
2025-12-01,SKU007,530,0,530
2025-12-02,SKU007,530,54,579
2025-12-03,SKU007,579,64,639
2025-12-04,SKU007,639,0,638
2025-12-05,SKU007,638,54,691
2025-12-06,SKU007,691,0,689
2025-12-07,SKU007,689,74,757
2025-12-08,SKU007,757,0,753
2025-12-09,SKU007,753,0,747
2025-12-10,SKU007,747,52,797
2025-12-11,SKU007,797,48,842
2025-12-12,SKU007,842,0,835
2025-12-13,SKU007,835,52,879
2025-12-14,SKU007,879,0,876
2025-12-15,SKU007,876,0,869
2025-12-16,SKU007,869,0,860
2025-12-17,SKU007,860,0,858
2025-12-18,SKU007,858,0,850
2025-12-19,SKU007,850,0,843
2025-12-20,SKU007,843,79,922
2025-12-21,SKU007,922,0,913
2025-12-22,SKU007,913,0,906
2025-12-23,SKU007,906,57,958
2025-12-24,SKU007,958,0,952
2025-12-25,SKU007,952,59,1010
2025-12-26,SKU007,1010,53,1063
2025-12-27,SKU007,1063,0,1059
2025-12-28,SKU007,1059,0,1056
2025-12-29,SKU007,1056,0,1050
2025-12-30,SKU007,1050,0,1044
2025-12-31,SKU007,1044,53,1097
2025-10-01,SKU008,102,36,135
2025-10-02,SKU008,135,0,128
2025-10-03,SKU008,128,0,121
2025-10-04,SKU008,121,0,114
2025-10-05,SKU008,114,0,111
2025-10-06,SKU008,111,0,102
2025-10-07,SKU008,102,0,97
2025-10-08,SKU008,97,0,88
2025-10-09,SKU008,88,0,87
2025-10-10,SKU008,87,0,85
2025-10-11,SKU008,85,0,80
2025-10-12,SKU008,80,0,76
2025-10-13,SKU008,76,38,111
2025-10-14,SKU008,111,0,111
2025-10-15,SKU008,111,0,106
2025-10-16,SKU008,106,39,145
2025-10-17,SKU008,145,0,141
2025-10-18,SKU008,141,0,138
2025-10-19,SKU008,138,0,135
2025-10-20,SKU008,135,0,131
2025-10-21,SKU008,131,25,152
2025-10-22,SKU008,152,0,147
2025-10-23,SKU008,147,0,146
2025-10-24,SKU008,146,79,218
2025-10-25,SKU008,218,0,216
2025-10-26,SKU008,216,47,255
2025-10-27,SKU008,255,0,250
2025-10-28,SKU008,250,0,246
2025-10-29,SKU008,246,0,237
2025-10-30,SKU008,237,40,277
2025-10-31,SKU008,277,0,277
2025-11-01,SKU008,277,48,316
2025-11-02,SKU008,316,0,307
2025-11-03,SKU008,307,32,335
2025-11-04,SKU008,335,0,327
2025-11-05,SKU008,327,0,321
2025-11-06,SKU008,321,0,316
2025-11-07,SKU008,316,0,313
2025-11-08,SKU008,313,0,305
2025-11-09,SKU008,305,0,301
2025-11-10,SKU008,301,0,294
2025-11-11,SKU008,294,0,294
2025-11-12,SKU008,294,22,316
2025-11-13,SKU008,316,0,311
2025-11-14,SKU008,311,0,306
2025-11-15,SKU008,306,0,297
2025-11-16,SKU008,297,0,290
2025-11-17,SKU008,290,0,287
2025-11-18,SKU008,287,0,281
2025-11-19,SKU008,281,33,312
2025-11-20,SKU008,312,0,307
2025-11-21,SKU008,307,0,303
2025-11-22,SKU008,303,0,301
2025-11-23,SKU008,301,38,337
2025-11-24,SKU008,337,25,359
2025-11-25,SKU008,359,0,352
2025-11-26,SKU008,352,0,352
2025-11-27,SKU008,352,0,344
2025-11-28,SKU008,344,0,337
2025-11-29,SKU008,337,0,337
2025-11-30,SKU008,337,0,336
2025-12-01,SKU008,336,25,354
2025-12-02,SKU008,354,0,345
2025-12-03,SKU008,345,49,385
2025-12-04,SKU008,385,0,377
2025-12-05,SKU008,377,0,375
2025-12-06,SKU008,375,46,412
2025-12-07,SKU008,412,0,407
2025-12-08,SKU008,407,0,400
2025-12-09,SKU008,400,0,392
2025-12-10,SKU008,392,0,391
2025-12-11,SKU008,391,0,389
2025-12-12,SKU008,389,0,387
2025-12-13,SKU008,387,0,383
2025-12-14,SKU008,383,0,382
2025-12-15,SKU008,382,0,379
2025-12-16,SKU008,379,0,374
2025-12-17,SKU008,374,74,446
2025-12-18,SKU008,446,0,444
2025-12-19,SKU008,444,0,441
2025-12-20,SKU008,441,0,438
2025-12-21,SKU008,438,62,498
2025-12-22,SKU008,498,26,523
2025-12-23,SKU008,523,0,523
2025-12-24,SKU008,523,0,517
2025-12-25,SKU008,517,0,513
2025-12-26,SKU008,513,0,506
2025-12-27,SKU008,506,77,583
2025-12-28,SKU008,583,0,583
2025-12-29,SKU008,583,0,577
2025-12-30,SKU008,577,23,594
2025-12-31,SKU008,594,72,660
2025-10-01,SKU009,187,0,184
2025-10-02,SKU009,184,53,236
2025-10-03,SKU009,236,0,232
2025-10-04,SKU009,232,0,224
2025-10-05,SKU009,224,27,248
2025-10-06,SKU009,248,0,245
2025-10-07,SKU009,245,37,279
2025-10-08,SKU009,279,0,278
2025-10-09,SKU009,278,66,343
2025-10-10,SKU009,343,0,341
2025-10-11,SKU009,341,0,332
2025-10-12,SKU009,332,0,325
2025-10-13,SKU009,325,0,321
2025-10-14,SKU009,321,26,342
2025-10-15,SKU009,342,0,336
2025-10-16,SKU009,336,0,334
2025-10-17,SKU009,334,0,325
2025-10-18,SKU009,325,0,324
2025-10-19,SKU009,324,0,321
2025-10-20,SKU009,321,0,316
2025-10-21,SKU009,316,0,316
2025-10-22,SKU009,316,22,337
2025-10-23,SKU009,337,0,332
2025-10-24,SKU009,332,0,323
2025-10-25,SKU009,323,0,315
2025-10-26,SKU009,315,0,306
2025-10-27,SKU009,306,0,303
2025-10-28,SKU009,303,0,303
2025-10-29,SKU009,303,0,294
2025-10-30,SKU009,294,0,288
2025-10-31,SKU009,288,52,334
2025-11-01,SKU009,334,52,385
2025-11-02,SKU009,385,0,376
2025-11-03,SKU009,376,0,371
2025-11-04,SKU009,371,0,362
2025-11-05,SKU009,362,0,361
2025-11-06,SKU009,361,0,361
2025-11-07,SKU009,361,0,354
2025-11-08,SKU009,354,0,350
2025-11-09,SKU009,350,0,349
2025-11-10,SKU009,349,0,345
2025-11-11,SKU009,345,0,336
2025-11-12,SKU009,336,0,327
2025-11-13,SKU009,327,70,389
2025-11-14,SKU009,389,0,389
2025-11-15,SKU009,389,0,383
2025-11-16,SKU009,383,0,378
2025-11-17,SKU009,378,0,371
2025-11-18,SKU009,371,0,370
2025-11-19,SKU009,370,0,368
2025-11-20,SKU009,368,0,366
2025-11-21,SKU009,366,0,365
2025-11-22,SKU009,365,0,363
2025-11-23,SKU009,363,0,360
2025-11-24,SKU009,360,23,377
2025-11-25,SKU009,377,0,371
2025-11-26,SKU009,371,77,444
2025-11-27,SKU009,444,0,441
2025-11-28,SKU009,441,51,484
2025-11-29,SKU009,484,64,546
2025-11-30,SKU009,546,26,563
2025-12-01,SKU009,563,0,562
2025-12-02,SKU009,562,0,561
2025-12-03,SKU009,561,0,559
2025-12-04,SKU009,559,0,554
2025-12-05,SKU009,554,0,546
2025-12-06,SKU009,546,0,539
2025-12-07,SKU009,539,64,597
2025-12-08,SKU009,597,73,665
2025-12-09,SKU009,665,0,659
2025-12-10,SKU009,659,0,656
2025-12-11,SKU009,656,0,648
2025-12-12,SKU009,648,0,646
2025-12-13,SKU009,646,0,638
2025-12-14,SKU009,638,0,635
2025-12-15,SKU009,635,0,626
2025-12-16,SKU009,626,0,619
2025-12-17,SKU009,619,0,616
2025-12-18,SKU009,616,0,613
2025-12-19,SKU009,613,0,605
2025-12-20,SKU009,605,0,599
2025-12-21,SKU009,599,45,641
2025-12-22,SKU009,641,0,636
2025-12-23,SKU009,636,0,634
2025-12-24,SKU009,634,0,628
2025-12-25,SKU009,628,72,698
2025-12-26,SKU009,698,59,750
2025-12-27,SKU009,750,0,741
2025-12-28,SKU009,741,0,736
2025-12-29,SKU009,736,66,798
2025-12-30,SKU009,798,0,796
2025-12-31,SKU009,796,0,796
2025-10-01,SKU010,64,0,60
2025-10-02,SKU010,60,0,51
2025-10-03,SKU010,51,0,48
2025-10-04,SKU010,48,0,43
2025-10-05,SKU010,43,0,43
2025-10-06,SKU010,43,0,42
2025-10-07,SKU010,42,0,41
2025-10-08,SKU010,41,0,39
2025-10-09,SKU010,39,0,35
2025-10-10,SKU010,35,39,70
2025-10-11,SKU010,70,29,91
2025-10-12,SKU010,91,0,86
2025-10-13,SKU010,86,62,146
2025-10-14,SKU010,146,0,143
2025-10-15,SKU010,143,0,138
2025-10-16,SKU010,138,0,131
2025-10-17,SKU010,131,0,130
2025-10-18,SKU010,130,50,174
2025-10-19,SKU010,174,0,170
2025-10-20,SKU010,170,0,170
2025-10-21,SKU010,170,0,170
2025-10-22,SKU010,170,0,164
2025-10-23,SKU010,164,0,157
2025-10-24,SKU010,157,0,152
2025-10-25,SKU010,152,73,225
2025-10-26,SKU010,225,0,222
2025-10-27,SKU010,222,0,219
2025-10-28,SKU010,219,0,211
2025-10-29,SKU010,211,35,243
2025-10-30,SKU010,243,0,243
2025-10-31,SKU010,243,0,240
2025-11-01,SKU010,240,24,263
2025-11-02,SKU010,263,77,339
2025-11-03,SKU010,339,21,360
2025-11-04,SKU010,360,0,351
2025-11-05,SKU010,351,36,387
2025-11-06,SKU010,387,0,379
2025-11-07,SKU010,379,0,372
2025-11-08,SKU010,372,0,366
2025-11-09,SKU010,366,68,425
2025-11-10,SKU010,425,68,491
2025-11-11,SKU010,491,0,486
2025-11-12,SKU010,486,0,481
2025-11-13,SKU010,481,76,549
2025-11-14,SKU010,549,0,548
2025-11-15,SKU010,548,0,544
2025-11-16,SKU010,544,0,536
2025-11-17,SKU010,536,0,535
2025-11-18,SKU010,535,0,533
2025-11-19,SKU010,533,0,526
2025-11-20,SKU010,526,0,520
2025-11-21,SKU010,520,0,515
2025-11-22,SKU010,515,0,512
2025-11-23,SKU010,512,0,508
2025-11-24,SKU010,508,0,502
2025-11-25,SKU010,502,26,519
2025-11-26,SKU010,519,0,518
2025-11-27,SKU010,518,0,509
2025-11-28,SKU010,509,0,500
2025-11-29,SKU010,500,63,558
2025-11-30,SKU010,558,0,552
2025-12-01,SKU010,552,0,544
2025-12-02,SKU010,544,0,538
2025-12-03,SKU010,538,75,605
2025-12-04,SKU010,605,20,623
2025-12-05,SKU010,623,0,622
2025-12-06,SKU010,622,0,618
2025-12-07,SKU010,618,0,610
2025-12-08,SKU010,610,0,608
2025-12-09,SKU010,608,37,641
2025-12-10,SKU010,641,34,667
2025-12-11,SKU010,667,0,665
2025-12-12,SKU010,665,0,663
2025-12-13,SKU010,663,55,710
2025-12-14,SKU010,710,52,754
2025-12-15,SKU010,754,0,749
2025-12-16,SKU010,749,0,744
2025-12-17,SKU010,744,59,799
2025-12-18,SKU010,799,0,799
2025-12-19,SKU010,799,0,795
2025-12-20,SKU010,795,0,794
2025-12-21,SKU010,794,66,851
2025-12-22,SKU010,851,0,849
2025-12-23,SKU010,849,0,843
2025-12-24,SKU010,843,0,842
2025-12-25,SKU010,842,0,833
2025-12-26,SKU010,833,0,833
2025-12-27,SKU010,833,0,824
2025-12-28,SKU010,824,30,849
2025-12-29,SKU010,849,0,843
2025-12-30,SKU010,843,0,834
2025-12-31,SKU010,834,0,827
2025-10-01,SKU011,132,0,129
2025-10-02,SKU011,129,0,120
2025-10-03,SKU011,120,69,188
2025-10-04,SKU011,188,0,188
2025-10-05,SKU011,188,0,182
2025-10-06,SKU011,182,71,252
2025-10-07,SKU011,252,78,323
2025-10-08,SKU011,323,23,345
2025-10-09,SKU011,345,0,345
2025-10-10,SKU011,345,0,340
2025-10-11,SKU011,340,0,332
2025-10-12,SKU011,332,0,325
2025-10-13,SKU011,325,36,359
2025-10-14,SKU011,359,75,426
2025-10-15,SKU011,426,65,486
2025-10-16,SKU011,486,0,478
2025-10-17,SKU011,478,0,476
2025-10-18,SKU011,476,29,504
2025-10-19,SKU011,504,46,543
2025-10-20,SKU011,543,29,572
2025-10-21,SKU011,572,0,572
2025-10-22,SKU011,572,0,571
2025-10-23,SKU011,571,28,591
2025-10-24,SKU011,591,0,588
2025-10-25,SKU011,588,39,620
2025-10-26,SKU011,620,20,634
2025-10-27,SKU011,634,0,626
2025-10-28,SKU011,626,0,617
2025-10-29,SKU011,617,0,616
2025-10-30,SKU011,616,0,610
2025-10-31,SKU011,610,56,662
2025-11-01,SKU011,662,0,657
2025-11-02,SKU011,657,0,648
2025-11-03,SKU011,648,0,647
2025-11-04,SKU011,647,70,712
2025-11-05,SKU011,712,47,751
2025-11-06,SKU011,751,0,744
2025-11-07,SKU011,744,0,736
2025-11-08,SKU011,736,0,731
2025-11-09,SKU011,731,21,743
2025-11-10,SKU011,743,28,764
2025-11-11,SKU011,764,0,757
2025-11-12,SKU011,757,0,749
2025-11-13,SKU011,749,0,741
2025-11-14,SKU011,741,71,806
2025-11-15,SKU011,806,64,866
2025-11-16,SKU011,866,0,866
2025-11-17,SKU011,866,0,861
2025-11-18,SKU011,861,0,852
2025-11-19,SKU011,852,0,845
2025-11-20,SKU011,845,37,882
2025-11-21,SKU011,882,0,874
2025-11-22,SKU011,874,73,940
2025-11-23,SKU011,940,0,932
2025-11-24,SKU011,932,0,932
2025-11-25,SKU011,932,57,982
2025-11-26,SKU011,982,0,979
2025-11-27,SKU011,979,0,971
2025-11-28,SKU011,971,60,1024
2025-11-29,SKU011,1024,0,1023
2025-11-30,SKU011,1023,0,1023
2025-12-01,SKU011,1023,0,1022
2025-12-02,SKU011,1022,0,1017
2025-12-03,SKU011,1017,0,1011
2025-12-04,SKU011,1011,63,1066
2025-12-05,SKU011,1066,0,1065
2025-12-06,SKU011,1065,41,1103
2025-12-07,SKU011,1103,24,1121
2025-12-08,SKU011,1121,25,1141
2025-12-09,SKU011,1141,0,1134
2025-12-10,SKU011,1134,0,1131
2025-12-11,SKU011,1131,0,1129
2025-12-12,SKU011,1129,0,1121
2025-12-13,SKU011,1121,0,1120
2025-12-14,SKU011,1120,35,1146
2025-12-15,SKU011,1146,0,1146
2025-12-16,SKU011,1146,0,1146
2025-12-17,SKU011,1146,0,1146
2025-12-18,SKU011,1146,0,1140
2025-12-19,SKU011,1140,26,1162
2025-12-20,SKU011,1162,0,1161
2025-12-21,SKU011,1161,0,1153
2025-12-22,SKU011,1153,73,1217
2025-12-23,SKU011,1217,0,1209
2025-12-24,SKU011,1209,0,1204
2025-12-25,SKU011,1204,0,1197
2025-12-26,SKU011,1197,0,1195
2025-12-27,SKU011,1195,0,1188
2025-12-28,SKU011,1188,20,1201
2025-12-29,SKU011,1201,0,1200
2025-12-30,SKU011,1200,0,1195
2025-12-31,SKU011,1195,0,1186
2025-10-01,SKU012,138,0,132
2025-10-02,SKU012,132,0,128
2025-10-03,SKU012,128,53,178
2025-10-04,SKU012,178,0,172
2025-10-05,SKU012,172,0,171
2025-10-06,SKU012,171,0,163
2025-10-07,SKU012,163,0,155
2025-10-08,SKU012,155,0,147
2025-10-09,SKU012,147,0,146
2025-10-10,SKU012,146,0,144
2025-10-11,SKU012,144,0,135
2025-10-12,SKU012,135,0,134
2025-10-13,SKU012,134,75,202
2025-10-14,SKU012,202,0,194
2025-10-15,SKU012,194,0,190
2025-10-16,SKU012,190,74,256
2025-10-17,SKU012,256,0,248
2025-10-18,SKU012,248,0,247
2025-10-19,SKU012,247,68,313
2025-10-20,SKU012,313,0,307
2025-10-21,SKU012,307,0,305
2025-10-22,SKU012,305,0,302
2025-10-23,SKU012,302,0,300
2025-10-24,SKU012,300,0,296
2025-10-25,SKU012,296,67,354
2025-10-26,SKU012,354,0,349
2025-10-27,SKU012,349,0,346
2025-10-28,SKU012,346,0,342
2025-10-29,SKU012,342,0,338
2025-10-30,SKU012,338,0,335
2025-10-31,SKU012,335,0,333
2025-11-01,SKU012,333,0,327
2025-11-02,SKU012,327,74,398
2025-11-03,SKU012,398,60,457
2025-11-04,SKU012,457,0,455
2025-11-05,SKU012,455,0,454
2025-11-06,SKU012,454,0,450
2025-11-07,SKU012,450,0,448
2025-11-08,SKU012,448,0,448
2025-11-09,SKU012,448,0,447
2025-11-10,SKU012,447,0,439
2025-11-11,SKU012,439,0,436
2025-11-12,SKU012,436,0,436
2025-11-13,SKU012,436,49,485
2025-11-14,SKU012,485,0,478
2025-11-15,SKU012,478,0,470
2025-11-16,SKU012,470,67,534
2025-11-17,SKU012,534,0,533
2025-11-18,SKU012,533,0,527
2025-11-19,SKU012,527,0,525
2025-11-20,SKU012,525,0,517
2025-11-21,SKU012,517,0,517
2025-11-22,SKU012,517,0,513
2025-11-23,SKU012,513,0,506
2025-11-24,SKU012,506,0,505
2025-11-25,SKU012,505,0,498
2025-11-26,SKU012,498,67,563
2025-11-27,SKU012,563,0,558
2025-11-28,SKU012,558,25,577
2025-11-29,SKU012,577,0,575
2025-11-30,SKU012,575,75,642
2025-12-01,SKU012,642,0,637
2025-12-02,SKU012,637,0,635
2025-12-03,SKU012,635,53,681
2025-12-04,SKU012,681,0,674
2025-12-05,SKU012,674,0,669
2025-12-06,SKU012,669,74,735
2025-12-07,SKU012,735,0,733
2025-12-08,SKU012,733,53,786
2025-12-09,SKU012,786,0,781
2025-12-10,SKU012,781,0,774
2025-12-11,SKU012,774,0,772
2025-12-12,SKU012,772,0,765
2025-12-13,SKU012,765,24,781
2025-12-14,SKU012,781,0,778
2025-12-15,SKU012,778,75,846
2025-12-16,SKU012,846,0,846
2025-12-17,SKU012,846,53,890
2025-12-18,SKU012,890,0,881
2025-12-19,SKU012,881,0,879
2025-12-20,SKU012,879,0,871
2025-12-21,SKU012,871,0,863
2025-12-22,SKU012,863,0,860
2025-12-23,SKU012,860,0,853
2025-12-24,SKU012,853,0,844
2025-12-25,SKU012,844,0,837
2025-12-26,SKU012,837,0,828
2025-12-27,SKU012,828,0,824
2025-12-28,SKU012,824,0,823
2025-12-29,SKU012,823,0,814
2025-12-30,SKU012,814,49,856
2025-12-31,SKU012,856,0,852
2025-10-01,SKU013,58,0,49
2025-10-02,SKU013,49,34,83
2025-10-03,SKU013,83,76,156
2025-10-04,SKU013,156,0,149
2025-10-05,SKU013,149,0,141
2025-10-06,SKU013,141,22,155
2025-10-07,SKU013,155,79,232
2025-10-08,SKU013,232,0,227
2025-10-09,SKU013,227,0,218
2025-10-10,SKU013,218,0,215
2025-10-11,SKU013,215,0,209
2025-10-12,SKU013,209,0,205
2025-10-13,SKU013,205,24,226
2025-10-14,SKU013,226,0,217
2025-10-15,SKU013,217,0,217
2025-10-16,SKU013,217,0,210
2025-10-17,SKU013,210,0,208
2025-10-18,SKU013,208,77,279
2025-10-19,SKU013,279,0,278
2025-10-20,SKU013,278,35,312
2025-10-21,SKU013,312,0,304
2025-10-22,SKU013,304,0,296
2025-10-23,SKU013,296,0,289
2025-10-24,SKU013,289,0,287
2025-10-25,SKU013,287,0,280
2025-10-26,SKU013,280,0,272
2025-10-27,SKU013,272,0,264
2025-10-28,SKU013,264,0,262
2025-10-29,SKU013,262,0,261
2025-10-30,SKU013,261,0,259
2025-10-31,SKU013,259,0,256
2025-11-01,SKU013,256,0,247
2025-11-02,SKU013,247,0,242
2025-11-03,SKU013,242,0,236
2025-11-04,SKU013,236,31,259
2025-11-05,SKU013,259,0,252
2025-11-06,SKU013,252,0,251
2025-11-07,SKU013,251,0,248
2025-11-08,SKU013,248,0,248
2025-11-09,SKU013,248,0,247
2025-11-10,SKU013,247,73,320
2025-11-11,SKU013,320,0,318
2025-11-12,SKU013,318,0,310
2025-11-13,SKU013,310,53,358
2025-11-14,SKU013,358,0,352
2025-11-15,SKU013,352,24,373
2025-11-16,SKU013,373,73,443
2025-11-17,SKU013,443,0,438
2025-11-18,SKU013,438,64,499
2025-11-19,SKU013,499,29,528
2025-11-20,SKU013,528,40,562
2025-11-21,SKU013,562,0,562
2025-11-22,SKU013,562,0,560
2025-11-23,SKU013,560,0,556
2025-11-24,SKU013,556,0,549
2025-11-25,SKU013,549,0,547
2025-11-26,SKU013,547,0,547
2025-11-27,SKU013,547,68,606
2025-11-28,SKU013,606,0,606
2025-11-29,SKU013,606,0,600
2025-11-30,SKU013,600,60,657
2025-12-01,SKU013,657,0,648
2025-12-02,SKU013,648,0,641
2025-12-03,SKU013,641,32,671
2025-12-04,SKU013,671,0,669
2025-12-05,SKU013,669,61,723
2025-12-06,SKU013,723,0,720
2025-12-07,SKU013,720,0,719
2025-12-08,SKU013,719,0,710
2025-12-09,SKU013,710,0,705
2025-12-10,SKU013,705,33,733
2025-12-11,SKU013,733,45,771
2025-12-12,SKU013,771,29,797
2025-12-13,SKU013,797,45,834
2025-12-14,SKU013,834,0,831
2025-12-15,SKU013,831,0,831
2025-12-16,SKU013,831,58,889
2025-12-17,SKU013,889,78,967
2025-12-18,SKU013,967,0,966
2025-12-19,SKU013,966,0,966
2025-12-20,SKU013,966,0,960
2025-12-21,SKU013,960,0,953
2025-12-22,SKU013,953,0,949
2025-12-23,SKU013,949,0,945
2025-12-24,SKU013,945,0,944
2025-12-25,SKU013,944,0,937
2025-12-26,SKU013,937,0,928
2025-12-27,SKU013,928,0,925
2025-12-28,SKU013,925,0,922
2025-12-29,SKU013,922,0,922
2025-12-30,SKU013,922,0,916
2025-12-31,SKU013,916,20,936
2025-10-01,SKU014,99,0,96
2025-10-02,SKU014,96,72,165
2025-10-03,SKU014,165,0,160
2025-10-04,SKU014,160,0,155
2025-10-05,SKU014,155,0,149
2025-10-06,SKU014,149,0,146
2025-10-07,SKU014,146,0,139
2025-10-08,SKU014,139,0,137
2025-10-09,SKU014,137,55,187
2025-10-10,SKU014,187,0,183
2025-10-11,SKU014,183,64,239
2025-10-12,SKU014,239,0,233
2025-10-13,SKU014,233,0,230
2025-10-14,SKU014,230,0,228
2025-10-15,SKU014,228,0,228
2025-10-16,SKU014,228,0,224
2025-10-17,SKU014,224,0,216
2025-10-18,SKU014,216,0,214
2025-10-19,SKU014,214,0,212
2025-10-20,SKU014,212,0,211
2025-10-21,SKU014,211,0,210
2025-10-22,SKU014,210,0,205
2025-10-23,SKU014,205,0,201
2025-10-24,SKU014,201,0,197
2025-10-25,SKU014,197,0,189
2025-10-26,SKU014,189,0,180
2025-10-27,SKU014,180,73,252
2025-10-28,SKU014,252,0,244
2025-10-29,SKU014,244,0,243
2025-10-30,SKU014,243,0,239
2025-10-31,SKU014,239,0,233
2025-11-01,SKU014,233,52,284
2025-11-02,SKU014,284,46,325
2025-11-03,SKU014,325,53,375
2025-11-04,SKU014,375,45,415
2025-11-05,SKU014,415,64,473
2025-11-06,SKU014,473,0,466
2025-11-07,SKU014,466,0,463
2025-11-08,SKU014,463,0,458
2025-11-09,SKU014,458,0,453
2025-11-10,SKU014,453,0,447
2025-11-11,SKU014,447,0,447
2025-11-12,SKU014,447,32,474
2025-11-13,SKU014,474,0,470
2025-11-14,SKU014,470,0,468
2025-11-15,SKU014,468,0,464
2025-11-16,SKU014,464,0,455
2025-11-17,SKU014,455,61,510
2025-11-18,SKU014,510,0,508
2025-11-19,SKU014,508,0,502
2025-11-20,SKU014,502,22,524
2025-11-21,SKU014,524,0,521
2025-11-22,SKU014,521,0,517
2025-11-23,SKU014,517,0,516
2025-11-24,SKU014,516,0,511
2025-11-25,SKU014,511,29,540
2025-11-26,SKU014,540,0,532
2025-11-27,SKU014,532,0,527
2025-11-28,SKU014,527,0,519
2025-11-29,SKU014,519,0,514
2025-11-30,SKU014,514,0,505
2025-12-01,SKU014,505,59,559
2025-12-02,SKU014,559,0,558
2025-12-03,SKU014,558,0,552
2025-12-04,SKU014,552,0,550
2025-12-05,SKU014,550,0,543
2025-12-06,SKU014,543,0,537
2025-12-07,SKU014,537,67,601
2025-12-08,SKU014,601,47,648
2025-12-09,SKU014,648,53,698
2025-12-10,SKU014,698,0,693
2025-12-11,SKU014,693,69,756
2025-12-12,SKU014,756,0,748
2025-12-13,SKU014,748,0,745
2025-12-14,SKU014,745,0,737
2025-12-15,SKU014,737,58,793
2025-12-16,SKU014,793,0,790
2025-12-17,SKU014,790,74,863
2025-12-18,SKU014,863,0,858
2025-12-19,SKU014,858,44,901
2025-12-20,SKU014,901,20,921
2025-12-21,SKU014,921,0,917
2025-12-22,SKU014,917,0,908
2025-12-23,SKU014,908,69,977
2025-12-24,SKU014,977,0,970
2025-12-25,SKU014,970,0,961
2025-12-26,SKU014,961,0,953
2025-12-27,SKU014,953,0,951
2025-12-28,SKU014,951,0,945
2025-12-29,SKU014,945,0,943
2025-12-30,SKU014,943,0,941
2025-12-31,SKU014,941,0,940
2025-10-01,SKU015,188,0,181
2025-10-02,SKU015,181,0,177
2025-10-03,SKU015,177,61,230
2025-10-04,SKU015,230,0,226
2025-10-05,SKU015,226,0,222
2025-10-06,SKU015,222,0,221
2025-10-07,SKU015,221,0,217
2025-10-08,SKU015,217,37,245
2025-10-09,SKU015,245,0,238
2025-10-10,SKU015,238,0,229
2025-10-11,SKU015,229,0,227
2025-10-12,SKU015,227,0,224
2025-10-13,SKU015,224,22,240
2025-10-14,SKU015,240,0,233
2025-10-15,SKU015,233,0,233
2025-10-16,SKU015,233,0,226
2025-10-17,SKU015,226,65,282
2025-10-18,SKU015,282,0,275
2025-10-19,SKU015,275,70,336
2025-10-20,SKU015,336,0,333
2025-10-21,SKU015,333,67,397
2025-10-22,SKU015,397,44,438
2025-10-23,SKU015,438,0,438
2025-10-24,SKU015,438,0,430
2025-10-25,SKU015,430,0,425
2025-10-26,SKU015,425,54,476
2025-10-27,SKU015,476,0,473
2025-10-28,SKU015,473,59,524
2025-10-29,SKU015,524,0,515
2025-10-30,SKU015,515,0,506
2025-10-31,SKU015,506,0,506
2025-11-01,SKU015,506,0,497
2025-11-02,SKU015,497,0,488
2025-11-03,SKU015,488,0,479
2025-11-04,SKU015,479,0,477
2025-11-05,SKU015,477,0,477
2025-11-06,SKU015,477,40,515
2025-11-07,SKU015,515,0,508
2025-11-08,SKU015,508,0,499
2025-11-09,SKU015,499,0,491
2025-11-10,SKU015,491,0,486
2025-11-11,SKU015,486,0,485
2025-11-12,SKU015,485,0,484
2025-11-13,SKU015,484,0,481
2025-11-14,SKU015,481,0,479
2025-11-15,SKU015,479,0,473
2025-11-16,SKU015,473,61,526
2025-11-17,SKU015,526,65,588
2025-11-18,SKU015,588,74,653
2025-11-19,SKU015,653,0,645
2025-11-20,SKU015,645,0,640
2025-11-21,SKU015,640,0,633
2025-11-22,SKU015,633,0,626
2025-11-23,SKU015,626,0,617
2025-11-24,SKU015,617,0,612
2025-11-25,SKU015,612,0,609
2025-11-26,SKU015,609,0,609
2025-11-27,SKU015,609,28,632
2025-11-28,SKU015,632,70,693
2025-11-29,SKU015,693,0,688
2025-11-30,SKU015,688,0,685
2025-12-01,SKU015,685,0,683
2025-12-02,SKU015,683,53,727
2025-12-03,SKU015,727,0,718
2025-12-04,SKU015,718,0,710
2025-12-05,SKU015,710,0,702
2025-12-06,SKU015,702,51,752
2025-12-07,SKU015,752,0,748
2025-12-08,SKU015,748,20,768
2025-12-09,SKU015,768,0,762
2025-12-10,SKU015,762,0,755
2025-12-11,SKU015,755,73,820
2025-12-12,SKU015,820,0,813
2025-12-13,SKU015,813,0,811
2025-12-14,SKU015,811,0,803
2025-12-15,SKU015,803,0,795
2025-12-16,SKU015,795,57,845
2025-12-17,SKU015,845,0,839
2025-12-18,SKU015,839,23,859
2025-12-19,SKU015,859,0,851
2025-12-20,SKU015,851,0,847
2025-12-21,SKU015,847,0,847
2025-12-22,SKU015,847,0,840
2025-12-23,SKU015,840,0,840
2025-12-24,SKU015,840,0,831
2025-12-25,SKU015,831,0,829
2025-12-26,SKU015,829,21,849
2025-12-27,SKU015,849,0,846
2025-12-28,SKU015,846,0,840
2025-12-29,SKU015,840,0,832
2025-12-30,SKU015,832,71,894
2025-12-31,SKU015,894,0,890
2025-10-01,SKU016,164,0,156
2025-10-02,SKU016,156,0,152
2025-10-03,SKU016,152,0,147
2025-10-04,SKU016,147,41,188
2025-10-05,SKU016,188,0,179
2025-10-06,SKU016,179,0,174
2025-10-07,SKU016,174,0,174
2025-10-08,SKU016,174,0,174
2025-10-09,SKU016,174,0,168
2025-10-10,SKU016,168,0,161
2025-10-11,SKU016,161,0,153
2025-10-12,SKU016,153,0,145
2025-10-13,SKU016,145,0,142
2025-10-14,SKU016,142,0,136
2025-10-15,SKU016,136,0,134
2025-10-16,SKU016,134,49,179
2025-10-17,SKU016,179,70,245
2025-10-18,SKU016,245,0,240
2025-10-19,SKU016,240,53,285
2025-10-20,SKU016,285,0,280
2025-10-21,SKU016,280,0,271
2025-10-22,SKU016,271,0,264
2025-10-23,SKU016,264,0,257
2025-10-24,SKU016,257,66,321
2025-10-25,SKU016,321,0,317
2025-10-26,SKU016,317,0,310
2025-10-27,SKU016,310,0,310
2025-10-28,SKU016,310,0,307
2025-10-29,SKU016,307,0,302
2025-10-30,SKU016,302,0,293
2025-10-31,SKU016,293,0,293
2025-11-01,SKU016,293,0,293
2025-11-02,SKU016,293,62,347
2025-11-03,SKU016,347,0,345
2025-11-04,SKU016,345,0,342
2025-11-05,SKU016,342,0,334
2025-11-06,SKU016,334,0,332
2025-11-07,SKU016,332,0,323
2025-11-08,SKU016,323,0,317
2025-11-09,SKU016,317,0,309
2025-11-10,SKU016,309,0,307
2025-11-11,SKU016,307,68,371
2025-11-12,SKU016,371,0,362
2025-11-13,SKU016,362,0,361
2025-11-14,SKU016,361,70,428
2025-11-15,SKU016,428,0,425
2025-11-16,SKU016,425,0,418
2025-11-17,SKU016,418,0,412
2025-11-18,SKU016,412,0,409
2025-11-19,SKU016,409,0,404
2025-11-20,SKU016,404,0,396
2025-11-21,SKU016,396,0,393
2025-11-22,SKU016,393,0,385
2025-11-23,SKU016,385,41,425
2025-11-24,SKU016,425,35,456
2025-11-25,SKU016,456,75,526
2025-11-26,SKU016,526,0,519
2025-11-27,SKU016,519,0,518
2025-11-28,SKU016,518,0,517
2025-11-29,SKU016,517,64,578
2025-11-30,SKU016,578,0,578
2025-12-01,SKU016,578,0,573
2025-12-02,SKU016,573,0,571
2025-12-03,SKU016,571,36,600
2025-12-04,SKU016,600,49,646
2025-12-05,SKU016,646,0,637
2025-12-06,SKU016,637,0,632
2025-12-07,SKU016,632,0,632
2025-12-08,SKU016,632,49,681
2025-12-09,SKU016,681,0,680
2025-12-10,SKU016,680,0,679
2025-12-11,SKU016,679,0,677
2025-12-12,SKU016,677,0,673
2025-12-13,SKU016,673,39,710
2025-12-14,SKU016,710,0,701
2025-12-15,SKU016,701,0,701
2025-12-16,SKU016,701,0,693
2025-12-17,SKU016,693,0,692
2025-12-18,SKU016,692,0,688
2025-12-19,SKU016,688,78,757
2025-12-20,SKU016,757,0,754
2025-12-21,SKU016,754,0,751
2025-12-22,SKU016,751,0,742
2025-12-23,SKU016,742,0,733
2025-12-24,SKU016,733,0,729
2025-12-25,SKU016,729,0,725
2025-12-26,SKU016,725,0,718
2025-12-27,SKU016,718,0,714
2025-12-28,SKU016,714,0,705
2025-12-29,SKU016,705,0,702
2025-12-30,SKU016,702,0,699
2025-12-31,SKU016,699,79,776
2025-10-01,SKU017,126,0,119
2025-10-02,SKU017,119,0,111
2025-10-03,SKU017,111,0,102
2025-10-04,SKU017,102,0,102
2025-10-05,SKU017,102,0,97
2025-10-06,SKU017,97,0,94
2025-10-07,SKU017,94,0,89
2025-10-08,SKU017,89,0,86
2025-10-09,SKU017,86,0,83
2025-10-10,SKU017,83,0,81
2025-10-11,SKU017,81,0,81
2025-10-12,SKU017,81,0,73
2025-10-13,SKU017,73,0,72
2025-10-14,SKU017,72,0,65
2025-10-15,SKU017,65,0,56
2025-10-16,SKU017,56,0,50
2025-10-17,SKU017,50,0,46
2025-10-18,SKU017,46,0,43
2025-10-19,SKU017,43,0,34
2025-10-20,SKU017,34,0,27
2025-10-21,SKU017,27,0,22
2025-10-22,SKU017,22,71,91
2025-10-23,SKU017,91,0,86
2025-10-24,SKU017,86,0,80
2025-10-25,SKU017,80,34,111
2025-10-26,SKU017,111,0,102
2025-10-27,SKU017,102,0,99
2025-10-28,SKU017,99,0,96
2025-10-29,SKU017,96,0,94
2025-10-30,SKU017,94,0,92
2025-10-31,SKU017,92,0,86
2025-11-01,SKU017,86,30,112
2025-11-02,SKU017,112,27,137
2025-11-03,SKU017,137,0,131
2025-11-04,SKU017,131,0,130
2025-11-05,SKU017,130,0,121
2025-11-06,SKU017,121,70,185
2025-11-07,SKU017,185,0,180
2025-11-08,SKU017,180,0,171
2025-11-09,SKU017,171,0,169
2025-11-10,SKU017,169,0,166
2025-11-11,SKU017,166,48,205
2025-11-12,SKU017,205,45,249
2025-11-13,SKU017,249,33,279
2025-11-14,SKU017,279,0,275
2025-11-15,SKU017,275,0,266
2025-11-16,SKU017,266,28,286
2025-11-17,SKU017,286,0,284
2025-11-18,SKU017,284,0,277
2025-11-19,SKU017,277,0,271
2025-11-20,SKU017,271,0,266
2025-11-21,SKU017,266,0,262
2025-11-22,SKU017,262,64,323
2025-11-23,SKU017,323,50,372
2025-11-24,SKU017,372,20,391
2025-11-25,SKU017,391,58,449
2025-11-26,SKU017,449,73,519
2025-11-27,SKU017,519,0,517
2025-11-28,SKU017,517,0,512
2025-11-29,SKU017,512,27,534
2025-11-30,SKU017,534,0,528
2025-12-01,SKU017,528,0,525
2025-12-02,SKU017,525,26,546
2025-12-03,SKU017,546,63,604
2025-12-04,SKU017,604,0,595
2025-12-05,SKU017,595,50,641
2025-12-06,SKU017,641,60,699
2025-12-07,SKU017,699,0,699
2025-12-08,SKU017,699,0,693
2025-12-09,SKU017,693,0,691
2025-12-10,SKU017,691,0,686
2025-12-11,SKU017,686,0,678
2025-12-12,SKU017,678,0,675
2025-12-13,SKU017,675,0,666
2025-12-14,SKU017,666,0,662
2025-12-15,SKU017,662,0,656
2025-12-16,SKU017,656,0,648
2025-12-17,SKU017,648,0,642
2025-12-18,SKU017,642,0,640
2025-12-19,SKU017,640,61,694
2025-12-20,SKU017,694,0,689
2025-12-21,SKU017,689,0,680
2025-12-22,SKU017,680,0,675
2025-12-23,SKU017,675,0,674
2025-12-24,SKU017,674,0,667
2025-12-25,SKU017,667,0,666
2025-12-26,SKU017,666,51,712
2025-12-27,SKU017,712,0,703
2025-12-28,SKU017,703,0,697
2025-12-29,SKU017,697,0,693
2025-12-30,SKU017,693,0,685
2025-12-31,SKU017,685,0,680
2025-10-01,SKU018,112,0,108
2025-10-02,SKU018,108,0,108
2025-10-03,SKU018,108,0,105
2025-10-04,SKU018,105,0,99
2025-10-05,SKU018,99,0,99
2025-10-06,SKU018,99,0,96
2025-10-07,SKU018,96,0,88
2025-10-08,SKU018,88,47,133
2025-10-09,SKU018,133,55,186
2025-10-10,SKU018,186,0,178
2025-10-11,SKU018,178,0,178
2025-10-12,SKU018,178,0,173
2025-10-13,SKU018,173,0,171
2025-10-14,SKU018,171,54,216
2025-10-15,SKU018,216,0,216
2025-10-16,SKU018,216,0,207
2025-10-17,SKU018,207,58,260
2025-10-18,SKU018,260,0,260
2025-10-19,SKU018,260,76,333
2025-10-20,SKU018,333,0,324
2025-10-21,SKU018,324,79,395
2025-10-22,SKU018,395,0,392
2025-10-23,SKU018,392,0,388
2025-10-24,SKU018,388,0,386
2025-10-25,SKU018,386,22,406
2025-10-26,SKU018,406,0,401
2025-10-27,SKU018,401,0,394
2025-10-28,SKU018,394,0,391
2025-10-29,SKU018,391,0,383
2025-10-30,SKU018,383,0,374
2025-10-31,SKU018,374,0,371
2025-11-01,SKU018,371,0,371
2025-11-02,SKU018,371,0,368
2025-11-03,SKU018,368,0,360
2025-11-04,SKU018,360,74,430
2025-11-05,SKU018,430,0,422
2025-11-06,SKU018,422,0,414
2025-11-07,SKU018,414,73,484
2025-11-08,SKU018,484,31,511
2025-11-09,SKU018,511,0,505
2025-11-10,SKU018,505,0,498
2025-11-11,SKU018,498,0,497
2025-11-12,SKU018,497,0,491
2025-11-13,SKU018,491,0,488
2025-11-14,SKU018,488,0,485
2025-11-15,SKU018,485,0,483
2025-11-16,SKU018,483,0,474
2025-11-17,SKU018,474,0,467
2025-11-18,SKU018,467,62,528
2025-11-19,SKU018,528,0,527
2025-11-20,SKU018,527,0,522
2025-11-21,SKU018,522,31,553
2025-11-22,SKU018,553,0,553
2025-11-23,SKU018,553,34,581
2025-11-24,SKU018,581,0,580
2025-11-25,SKU018,580,0,573
2025-11-26,SKU018,573,0,570
2025-11-27,SKU018,570,62,629
2025-11-28,SKU018,629,0,626
2025-11-29,SKU018,626,0,623
2025-11-30,SKU018,623,0,623
2025-12-01,SKU018,623,0,614
2025-12-02,SKU018,614,47,659
2025-12-03,SKU018,659,0,654
2025-12-04,SKU018,654,0,647
2025-12-05,SKU018,647,0,642
2025-12-06,SKU018,642,0,634
2025-12-07,SKU018,634,55,681
2025-12-08,SKU018,681,0,681
2025-12-09,SKU018,681,0,681
2025-12-10,SKU018,681,0,672
2025-12-11,SKU018,672,53,718
2025-12-12,SKU018,718,0,717
2025-12-13,SKU018,717,0,715
2025-12-14,SKU018,715,0,713
2025-12-15,SKU018,713,58,766
2025-12-16,SKU018,766,0,761
2025-12-17,SKU018,761,0,755
2025-12-18,SKU018,755,0,751
2025-12-19,SKU018,751,0,743
2025-12-20,SKU018,743,0,738
2025-12-21,SKU018,738,28,763
2025-12-22,SKU018,763,48,806
2025-12-23,SKU018,806,0,802
2025-12-24,SKU018,802,0,793
2025-12-25,SKU018,793,0,792
2025-12-26,SKU018,792,0,786
2025-12-27,SKU018,786,0,783
2025-12-28,SKU018,783,0,777
2025-12-29,SKU018,777,0,776
2025-12-30,SKU018,776,0,768
2025-12-31,SKU018,768,0,763
2025-10-01,SKU019,92,0,86
2025-10-02,SKU019,86,0,85
2025-10-03,SKU019,85,0,83
2025-10-04,SKU019,83,0,78
2025-10-05,SKU019,78,59,133
2025-10-06,SKU019,133,0,127
2025-10-07,SKU019,127,60,186
2025-10-08,SKU019,186,0,185
2025-10-09,SKU019,185,0,181
2025-10-10,SKU019,181,0,180
2025-10-11,SKU019,180,78,256
2025-10-12,SKU019,256,0,255
2025-10-13,SKU019,255,0,253
2025-10-14,SKU019,253,61,311
2025-10-15,SKU019,311,65,368
2025-10-16,SKU019,368,0,362
2025-10-17,SKU019,362,0,353
2025-10-18,SKU019,353,0,348
2025-10-19,SKU019,348,0,340
2025-10-20,SKU019,340,0,340
2025-10-21,SKU019,340,79,416
2025-10-22,SKU019,416,71,480
2025-10-23,SKU019,480,0,474
2025-10-24,SKU019,474,29,497
2025-10-25,SKU019,497,74,570
2025-10-26,SKU019,570,0,569
2025-10-27,SKU019,569,0,569
2025-10-28,SKU019,569,36,602
2025-10-29,SKU019,602,65,659
2025-10-30,SKU019,659,64,723
2025-10-31,SKU019,723,0,716
2025-11-01,SKU019,716,0,713
2025-11-02,SKU019,713,0,709
2025-11-03,SKU019,709,0,701
2025-11-04,SKU019,701,0,701
2025-11-05,SKU019,701,73,772
2025-11-06,SKU019,772,0,767
2025-11-07,SKU019,767,0,760
2025-11-08,SKU019,760,53,809
2025-11-09,SKU019,809,67,867
2025-11-10,SKU019,867,0,864
2025-11-11,SKU019,864,0,861
2025-11-12,SKU019,861,0,856
2025-11-13,SKU019,856,0,848
2025-11-14,SKU019,848,0,844
2025-11-15,SKU019,844,66,902
2025-11-16,SKU019,902,0,893
2025-11-17,SKU019,893,72,961
2025-11-18,SKU019,961,29,984
2025-11-19,SKU019,984,32,1009
2025-11-20,SKU019,1009,0,1009
2025-11-21,SKU019,1009,0,1007
2025-11-22,SKU019,1007,0,998
2025-11-23,SKU019,998,43,1041
2025-11-24,SKU019,1041,0,1033
2025-11-25,SKU019,1033,0,1025
2025-11-26,SKU019,1025,0,1025
2025-11-27,SKU019,1025,0,1016
2025-11-28,SKU019,1016,0,1008
2025-11-29,SKU019,1008,0,1007
2025-11-30,SKU019,1007,37,1044
2025-12-01,SKU019,1044,0,1035
2025-12-02,SKU019,1035,0,1029
2025-12-03,SKU019,1029,0,1023
2025-12-04,SKU019,1023,0,1022
2025-12-05,SKU019,1022,0,1019
2025-12-06,SKU019,1019,47,1058
2025-12-07,SKU019,1058,0,1058
2025-12-08,SKU019,1058,0,1052
2025-12-09,SKU019,1052,0,1049
2025-12-10,SKU019,1049,0,1049
2025-12-11,SKU019,1049,22,1067
2025-12-12,SKU019,1067,0,1061
2025-12-13,SKU019,1061,0,1055
2025-12-14,SKU019,1055,0,1051
2025-12-15,SKU019,1051,66,1108
2025-12-16,SKU019,1108,0,1108
2025-12-17,SKU019,1108,39,1140
2025-12-18,SKU019,1140,0,1140
2025-12-19,SKU019,1140,0,1136
2025-12-20,SKU019,1136,0,1129
2025-12-21,SKU019,1129,0,1128
2025-12-22,SKU019,1128,0,1128
2025-12-23,SKU019,1128,0,1126
2025-12-24,SKU019,1126,0,1119
2025-12-25,SKU019,1119,0,1116
2025-12-26,SKU019,1116,43,1150
2025-12-27,SKU019,1150,0,1149
2025-12-28,SKU019,1149,0,1144
2025-12-29,SKU019,1144,54,1189
2025-12-30,SKU019,1189,0,1188
2025-12-31,SKU019,1188,0,1179
2025-10-01,SKU020,131,63,185
2025-10-02,SKU020,185,0,182
2025-10-03,SKU020,182,0,177
2025-10-04,SKU020,177,0,177
2025-10-05,SKU020,177,28,200
2025-10-06,SKU020,200,0,199
2025-10-07,SKU020,199,43,234
2025-10-08,SKU020,234,0,233
2025-10-09,SKU020,233,0,229
2025-10-10,SKU020,229,0,226
2025-10-11,SKU020,226,0,220
2025-10-12,SKU020,220,0,212
2025-10-13,SKU020,212,0,206
2025-10-14,SKU020,206,0,198
2025-10-15,SKU020,198,0,189
2025-10-16,SKU020,189,26,211
2025-10-17,SKU020,211,69,280
2025-10-18,SKU020,280,53,331
2025-10-19,SKU020,331,0,325
2025-10-20,SKU020,325,0,322
2025-10-21,SKU020,322,0,320
2025-10-22,SKU020,320,0,314
2025-10-23,SKU020,314,21,328
2025-10-24,SKU020,328,0,326
2025-10-25,SKU020,326,0,324
2025-10-26,SKU020,324,25,348
2025-10-27,SKU020,348,0,340
2025-10-28,SKU020,340,0,334
2025-10-29,SKU020,334,0,325
2025-10-30,SKU020,325,39,355
2025-10-31,SKU020,355,0,351
2025-11-01,SKU020,351,0,342
2025-11-02,SKU020,342,0,341
2025-11-03,SKU020,341,0,335
2025-11-04,SKU020,335,0,332
2025-11-05,SKU020,332,0,328
2025-11-06,SKU020,328,68,389
2025-11-07,SKU020,389,0,386
2025-11-08,SKU020,386,0,380
2025-11-09,SKU020,380,0,375
2025-11-10,SKU020,375,0,369
2025-11-11,SKU020,369,58,424
2025-11-12,SKU020,424,0,415
2025-11-13,SKU020,415,0,407
2025-11-14,SKU020,407,29,428
2025-11-15,SKU020,428,0,420
2025-11-16,SKU020,420,0,417
2025-11-17,SKU020,417,58,466
2025-11-18,SKU020,466,34,495
2025-11-19,SKU020,495,23,511
2025-11-20,SKU020,511,74,580
2025-11-21,SKU020,580,0,579
2025-11-22,SKU020,579,51,625
2025-11-23,SKU020,625,0,618
2025-11-24,SKU020,618,0,614
2025-11-25,SKU020,614,0,610
2025-11-26,SKU020,610,0,603
2025-11-27,SKU020,603,0,595
2025-11-28,SKU020,595,0,595
2025-11-29,SKU020,595,0,594
2025-11-30,SKU020,594,46,635
2025-12-01,SKU020,635,0,626
2025-12-02,SKU020,626,0,622
2025-12-03,SKU020,622,0,618
2025-12-04,SKU020,618,73,689
2025-12-05,SKU020,689,0,689
2025-12-06,SKU020,689,0,681
2025-12-07,SKU020,681,75,755
2025-12-08,SKU020,755,60,807
2025-12-09,SKU020,807,71,870
2025-12-10,SKU020,870,0,870
2025-12-11,SKU020,870,0,861
2025-12-12,SKU020,861,0,854
2025-12-13,SKU020,854,0,846
2025-12-14,SKU020,846,63,900
2025-12-15,SKU020,900,0,892
2025-12-16,SKU020,892,0,889
2025-12-17,SKU020,889,0,886
2025-12-18,SKU020,886,0,878
2025-12-19,SKU020,878,0,875
2025-12-20,SKU020,875,0,873
2025-12-21,SKU020,873,0,873
2025-12-22,SKU020,873,0,865
2025-12-23,SKU020,865,0,856
2025-12-24,SKU020,856,32,885
2025-12-25,SKU020,885,48,925
2025-12-26,SKU020,925,0,925
2025-12-27,SKU020,925,0,917
2025-12-28,SKU020,917,0,915
2025-12-29,SKU020,915,0,915
2025-12-30,SKU020,915,0,907
2025-12-31,SKU020,907,42,948
2025-10-01,SKU021,122,0,113
2025-10-02,SKU021,113,0,113
2025-10-03,SKU021,113,76,186
2025-10-04,SKU021,186,58,242
2025-10-05,SKU021,242,0,239
2025-10-06,SKU021,239,0,230
2025-10-07,SKU021,230,0,228
2025-10-08,SKU021,228,0,227
2025-10-09,SKU021,227,0,225
2025-10-10,SKU021,225,0,216
2025-10-11,SKU021,216,0,207
2025-10-12,SKU021,207,0,205
2025-10-13,SKU021,205,75,275
2025-10-14,SKU021,275,0,272
2025-10-15,SKU021,272,0,271
2025-10-16,SKU021,271,70,335
2025-10-17,SKU021,335,0,332
2025-10-18,SKU021,332,0,328
2025-10-19,SKU021,328,0,322
2025-10-20,SKU021,322,76,394
2025-10-21,SKU021,394,52,441
2025-10-22,SKU021,441,0,432
2025-10-23,SKU021,432,0,427
2025-10-24,SKU021,427,0,425
2025-10-25,SKU021,425,57,477
2025-10-26,SKU021,477,51,524
2025-10-27,SKU021,524,0,520
2025-10-28,SKU021,520,0,515
2025-10-29,SKU021,515,0,513
2025-10-30,SKU021,513,50,561
2025-10-31,SKU021,561,21,576
2025-11-01,SKU021,576,46,617
2025-11-02,SKU021,617,0,611
2025-11-03,SKU021,611,0,607
2025-11-04,SKU021,607,0,605
2025-11-05,SKU021,605,0,597
2025-11-06,SKU021,597,0,596
2025-11-07,SKU021,596,57,651
2025-11-08,SKU021,651,0,645
2025-11-09,SKU021,645,0,636
2025-11-10,SKU021,636,0,630
2025-11-11,SKU021,630,0,625
2025-11-12,SKU021,625,32,656
2025-11-13,SKU021,656,0,654
2025-11-14,SKU021,654,0,649
2025-11-15,SKU021,649,0,640
2025-11-16,SKU021,640,25,659
2025-11-17,SKU021,659,0,654
2025-11-18,SKU021,654,0,647
2025-11-19,SKU021,647,0,646
2025-11-20,SKU021,646,0,644
2025-11-21,SKU021,644,43,683
2025-11-22,SKU021,683,0,680
2025-11-23,SKU021,680,0,671
2025-11-24,SKU021,671,48,714
2025-11-25,SKU021,714,0,711
2025-11-26,SKU021,711,0,710
2025-11-27,SKU021,710,0,709
2025-11-28,SKU021,709,0,707
2025-11-29,SKU021,707,0,707
2025-11-30,SKU021,707,0,707
2025-12-01,SKU021,707,23,721
2025-12-02,SKU021,721,0,721
2025-12-03,SKU021,721,0,715
2025-12-04,SKU021,715,0,709
2025-12-05,SKU021,709,0,700
2025-12-06,SKU021,700,50,741
2025-12-07,SKU021,741,22,757
2025-12-08,SKU021,757,47,804
2025-12-09,SKU021,804,0,803
2025-12-10,SKU021,803,0,799
2025-12-11,SKU021,799,0,793
2025-12-12,SKU021,793,0,792
2025-12-13,SKU021,792,0,785
2025-12-14,SKU021,785,0,785
2025-12-15,SKU021,785,0,783
2025-12-16,SKU021,783,0,777
2025-12-17,SKU021,777,0,774
2025-12-18,SKU021,774,0,773
2025-12-19,SKU021,773,0,765
2025-12-20,SKU021,765,0,759
2025-12-21,SKU021,759,0,758
2025-12-22,SKU021,758,0,752
2025-12-23,SKU021,752,56,806
2025-12-24,SKU021,806,0,800
2025-12-25,SKU021,800,0,795
2025-12-26,SKU021,795,33,822
2025-12-27,SKU021,822,0,818
2025-12-28,SKU021,818,0,811
2025-12-29,SKU021,811,45,855
2025-12-30,SKU021,855,0,852
2025-12-31,SKU021,852,23,866
2025-10-01,SKU022,124,0,122
2025-10-02,SKU022,122,0,122
2025-10-03,SKU022,122,41,156
2025-10-04,SKU022,156,35,184
2025-10-05,SKU022,184,22,206
2025-10-06,SKU022,206,0,200
2025-10-07,SKU022,200,65,259
2025-10-08,SKU022,259,0,250
2025-10-09,SKU022,250,0,245
2025-10-10,SKU022,245,0,239
2025-10-11,SKU022,239,0,236
2025-10-12,SKU022,236,0,233
2025-10-13,SKU022,233,0,226
2025-10-14,SKU022,226,0,219
2025-10-15,SKU022,219,0,210
2025-10-16,SKU022,210,0,209
2025-10-17,SKU022,209,35,240
2025-10-18,SKU022,240,0,236
2025-10-19,SKU022,236,0,227
2025-10-20,SKU022,227,0,227
2025-10-21,SKU022,227,0,227
2025-10-22,SKU022,227,0,218
2025-10-23,SKU022,218,63,272
2025-10-24,SKU022,272,0,270
2025-10-25,SKU022,270,41,302
2025-10-26,SKU022,302,0,302
2025-10-27,SKU022,302,25,323
2025-10-28,SKU022,323,0,317
2025-10-29,SKU022,317,21,338
2025-10-30,SKU022,338,0,337
2025-10-31,SKU022,337,0,335
2025-11-01,SKU022,335,0,326
2025-11-02,SKU022,326,0,322
2025-11-03,SKU022,322,53,368
2025-11-04,SKU022,368,0,368
2025-11-05,SKU022,368,0,361
2025-11-06,SKU022,361,0,354
2025-11-07,SKU022,354,29,380
2025-11-08,SKU022,380,42,418
2025-11-09,SKU022,418,35,448
2025-11-10,SKU022,448,0,444
2025-11-11,SKU022,444,0,435
2025-11-12,SKU022,435,0,427
2025-11-13,SKU022,427,0,422
2025-11-14,SKU022,422,0,422
2025-11-15,SKU022,422,69,487
2025-11-16,SKU022,487,28,512
2025-11-17,SKU022,512,0,512
2025-11-18,SKU022,512,0,503
2025-11-19,SKU022,503,0,500
2025-11-20,SKU022,500,0,497
2025-11-21,SKU022,497,0,497
2025-11-22,SKU022,497,32,524
2025-11-23,SKU022,524,0,524
2025-11-24,SKU022,524,0,515
2025-11-25,SKU022,515,0,511
2025-11-26,SKU022,511,0,509
2025-11-27,SKU022,509,0,508
2025-11-28,SKU022,508,0,505
2025-11-29,SKU022,505,0,496
2025-11-30,SKU022,496,20,507
2025-12-01,SKU022,507,0,498
2025-12-02,SKU022,498,0,497
2025-12-03,SKU022,497,0,493
2025-12-04,SKU022,493,41,529
2025-12-05,SKU022,529,69,592
2025-12-06,SKU022,592,41,628
2025-12-07,SKU022,628,0,627
2025-12-08,SKU022,627,0,627
2025-12-09,SKU022,627,54,680
2025-12-10,SKU022,680,26,706
2025-12-11,SKU022,706,38,736
2025-12-12,SKU022,736,0,735
2025-12-13,SKU022,735,40,773
2025-12-14,SKU022,773,40,808
2025-12-15,SKU022,808,0,808
2025-12-16,SKU022,808,38,839
2025-12-17,SKU022,839,0,831
2025-12-18,SKU022,831,0,830
2025-12-19,SKU022,830,0,823
2025-12-20,SKU022,823,0,815
2025-12-21,SKU022,815,0,806
2025-12-22,SKU022,806,67,866
2025-12-23,SKU022,866,0,857
2025-12-24,SKU022,857,0,851
2025-12-25,SKU022,851,60,906
2025-12-26,SKU022,906,38,940
2025-12-27,SKU022,940,74,1011
2025-12-28,SKU022,1011,0,1010
2025-12-29,SKU022,1010,0,1003
2025-12-30,SKU022,1003,0,997
2025-12-31,SKU022,997,0,996
2025-10-01,SKU023,58,0,57
2025-10-02,SKU023,57,0,51
2025-10-03,SKU023,51,0,42
2025-10-04,SKU023,42,0,39
2025-10-05,SKU023,39,25,62
2025-10-06,SKU023,62,0,60
2025-10-07,SKU023,60,43,96
2025-10-08,SKU023,96,36,125
2025-10-09,SKU023,125,37,154
2025-10-10,SKU023,154,42,195
2025-10-11,SKU023,195,35,227
2025-10-12,SKU023,227,0,221
2025-10-13,SKU023,221,52,267
2025-10-14,SKU023,267,0,260
2025-10-15,SKU023,260,0,253
2025-10-16,SKU023,253,0,249
2025-10-17,SKU023,249,44,289
2025-10-18,SKU023,289,0,280
2025-10-19,SKU023,280,0,272
2025-10-20,SKU023,272,0,269
2025-10-21,SKU023,269,67,329
2025-10-22,SKU023,329,0,325
2025-10-23,SKU023,325,0,323
2025-10-24,SKU023,323,0,318
2025-10-25,SKU023,318,0,310
2025-10-26,SKU023,310,54,362
2025-10-27,SKU023,362,0,359
2025-10-28,SKU023,359,0,354
2025-10-29,SKU023,354,0,354
2025-10-30,SKU023,354,34,383
2025-10-31,SKU023,383,0,383
2025-11-01,SKU023,383,0,382
2025-11-02,SKU023,382,23,400
2025-11-03,SKU023,400,0,392
2025-11-04,SKU023,392,0,389
2025-11-05,SKU023,389,37,419
2025-11-06,SKU023,419,42,458
2025-11-07,SKU023,458,0,453
2025-11-08,SKU023,453,0,447
2025-11-09,SKU023,447,0,447
2025-11-10,SKU023,447,0,438
2025-11-11,SKU023,438,0,430
2025-11-12,SKU023,430,0,421
2025-11-13,SKU023,421,0,414
2025-11-14,SKU023,414,0,413
2025-11-15,SKU023,413,65,471
2025-11-16,SKU023,471,48,515
2025-11-17,SKU023,515,24,535
2025-11-18,SKU023,535,0,531
2025-11-19,SKU023,531,0,529
2025-11-20,SKU023,529,0,528
2025-11-21,SKU023,528,33,552
2025-11-22,SKU023,552,0,549
2025-11-23,SKU023,549,0,540
2025-11-24,SKU023,540,0,539
2025-11-25,SKU023,539,0,538
2025-11-26,SKU023,538,76,606
2025-11-27,SKU023,606,78,684
2025-11-28,SKU023,684,0,681
2025-11-29,SKU023,681,44,719
2025-11-30,SKU023,719,0,717
2025-12-01,SKU023,717,0,709
2025-12-02,SKU023,709,24,728
2025-12-03,SKU023,728,62,785
2025-12-04,SKU023,785,45,830
2025-12-05,SKU023,830,0,830
2025-12-06,SKU023,830,0,826
2025-12-07,SKU023,826,0,825
2025-12-08,SKU023,825,0,824
2025-12-09,SKU023,824,0,820
2025-12-10,SKU023,820,0,811
2025-12-11,SKU023,811,0,804
2025-12-12,SKU023,804,0,802
2025-12-13,SKU023,802,0,794
2025-12-14,SKU023,794,0,787
2025-12-15,SKU023,787,70,854
2025-12-16,SKU023,854,67,913
2025-12-17,SKU023,913,0,905
2025-12-18,SKU023,905,37,940
2025-12-19,SKU023,940,43,975
2025-12-20,SKU023,975,0,972
2025-12-21,SKU023,972,0,963
2025-12-22,SKU023,963,0,954
2025-12-23,SKU023,954,0,947
2025-12-24,SKU023,947,0,940
2025-12-25,SKU023,940,0,939
2025-12-26,SKU023,939,60,995
2025-12-27,SKU023,995,0,991
2025-12-28,SKU023,991,0,988
2025-12-29,SKU023,988,26,1008
2025-12-30,SKU023,1008,0,1003
2025-12-31,SKU023,1003,0,1003
2025-10-01,SKU024,93,0,85
2025-10-02,SKU024,85,0,85
2025-10-03,SKU024,85,23,99
2025-10-04,SKU024,99,23,118
2025-10-05,SKU024,118,41,154
2025-10-06,SKU024,154,0,152
2025-10-07,SKU024,152,44,196
2025-10-08,SKU024,196,0,187
2025-10-09,SKU024,187,76,255
2025-10-10,SKU024,255,0,249
2025-10-11,SKU024,249,0,247
2025-10-12,SKU024,247,0,240
2025-10-13,SKU024,240,0,232
2025-10-14,SKU024,232,0,232
2025-10-15,SKU024,232,0,227
2025-10-16,SKU024,227,0,218
2025-10-17,SKU024,218,39,256
2025-10-18,SKU024,256,0,251
2025-10-19,SKU024,251,0,246
2025-10-20,SKU024,246,0,238
2025-10-21,SKU024,238,63,295
2025-10-22,SKU024,295,0,291
2025-10-23,SKU024,291,0,286
2025-10-24,SKU024,286,48,326
2025-10-25,SKU024,326,0,320
2025-10-26,SKU024,320,0,318
2025-10-27,SKU024,318,0,309
2025-10-28,SKU024,309,29,337
2025-10-29,SKU024,337,0,333
2025-10-30,SKU024,333,0,329
2025-10-31,SKU024,329,0,329
2025-11-01,SKU024,329,38,361
2025-11-02,SKU024,361,0,355
2025-11-03,SKU024,355,0,350
2025-11-04,SKU024,350,0,350
2025-11-05,SKU024,350,0,342
2025-11-06,SKU024,342,0,337
2025-11-07,SKU024,337,23,359
2025-11-08,SKU024,359,0,357
2025-11-09,SKU024,357,0,351
2025-11-10,SKU024,351,0,350
2025-11-11,SKU024,350,0,346
2025-11-12,SKU024,346,0,338
2025-11-13,SKU024,338,0,330
2025-11-14,SKU024,330,39,361
2025-11-15,SKU024,361,0,361
2025-11-16,SKU024,361,0,361
2025-11-17,SKU024,361,71,428
2025-11-18,SKU024,428,0,426
2025-11-19,SKU024,426,0,424
2025-11-20,SKU024,424,0,420
2025-11-21,SKU024,420,69,488
2025-11-22,SKU024,488,66,551
2025-11-23,SKU024,551,0,551
2025-11-24,SKU024,551,59,601
2025-11-25,SKU024,601,0,592
2025-11-26,SKU024,592,0,587
2025-11-27,SKU024,587,0,578
2025-11-28,SKU024,578,0,573
2025-11-29,SKU024,573,0,569
2025-11-30,SKU024,569,0,562
2025-12-01,SKU024,562,0,554
2025-12-02,SKU024,554,0,549
2025-12-03,SKU024,549,0,542
2025-12-04,SKU024,542,22,560
2025-12-05,SKU024,560,0,555
2025-12-06,SKU024,555,0,549
2025-12-07,SKU024,549,0,547
2025-12-08,SKU024,547,0,544
2025-12-09,SKU024,544,23,565
2025-12-10,SKU024,565,0,558
2025-12-11,SKU024,558,0,550
2025-12-12,SKU024,550,0,549
2025-12-13,SKU024,549,0,543
2025-12-14,SKU024,543,40,578
2025-12-15,SKU024,578,0,578
2025-12-16,SKU024,578,0,578
2025-12-17,SKU024,578,0,570
2025-12-18,SKU024,570,0,564
2025-12-19,SKU024,564,0,557
2025-12-20,SKU024,557,0,554
2025-12-21,SKU024,554,39,590
2025-12-22,SKU024,590,0,589
2025-12-23,SKU024,589,0,589
2025-12-24,SKU024,589,28,612
2025-12-25,SKU024,612,0,612
2025-12-26,SKU024,612,59,667
2025-12-27,SKU024,667,0,662
2025-12-28,SKU024,662,0,658
2025-12-29,SKU024,658,0,650
2025-12-30,SKU024,650,0,642
2025-12-31,SKU024,642,78,717
2025-10-01,SKU025,62,38,97
2025-10-02,SKU025,97,29,119
2025-10-03,SKU025,119,38,152
2025-10-04,SKU025,152,0,146
2025-10-05,SKU025,146,0,142
2025-10-06,SKU025,142,0,140
2025-10-07,SKU025,140,0,137
2025-10-08,SKU025,137,0,131
2025-10-09,SKU025,131,0,126
2025-10-10,SKU025,126,0,125
2025-10-11,SKU025,125,0,117
2025-10-12,SKU025,117,0,117
2025-10-13,SKU025,117,0,115
2025-10-14,SKU025,115,0,111
2025-10-15,SKU025,111,0,104
2025-10-16,SKU025,104,0,101
2025-10-17,SKU025,101,0,95
2025-10-18,SKU025,95,0,92
2025-10-19,SKU025,92,41,128
2025-10-20,SKU025,128,0,126
2025-10-21,SKU025,126,0,122
2025-10-22,SKU025,122,0,113
2025-10-23,SKU025,113,0,104
2025-10-24,SKU025,104,0,103
2025-10-25,SKU025,103,0,96
2025-10-26,SKU025,96,77,164
2025-10-27,SKU025,164,0,155
2025-10-28,SKU025,155,73,228
2025-10-29,SKU025,228,0,224
2025-10-30,SKU025,224,0,224
2025-10-31,SKU025,224,52,273
2025-11-01,SKU025,273,0,265
2025-11-02,SKU025,265,0,262
2025-11-03,SKU025,262,0,260
2025-11-04,SKU025,260,0,258
2025-11-05,SKU025,258,73,331
2025-11-06,SKU025,331,0,327
2025-11-07,SKU025,327,67,388
2025-11-08,SKU025,388,46,427
2025-11-09,SKU025,427,0,422
2025-11-10,SKU025,422,0,414
2025-11-11,SKU025,414,0,413
2025-11-12,SKU025,413,0,412
2025-11-13,SKU025,412,0,410
2025-11-14,SKU025,410,48,451
2025-11-15,SKU025,451,30,478
2025-11-16,SKU025,478,28,506
2025-11-17,SKU025,506,75,581
2025-11-18,SKU025,581,66,638
2025-11-19,SKU025,638,0,629
2025-11-20,SKU025,629,48,670
2025-11-21,SKU025,670,0,662
2025-11-22,SKU025,662,0,659
2025-11-23,SKU025,659,0,653
2025-11-24,SKU025,653,0,651
2025-11-25,SKU025,651,0,649
2025-11-26,SKU025,649,38,686
2025-11-27,SKU025,686,0,682
2025-11-28,SKU025,682,0,678
2025-11-29,SKU025,678,0,672
2025-11-30,SKU025,672,0,664
2025-12-01,SKU025,664,0,659
2025-12-02,SKU025,659,0,650
2025-12-03,SKU025,650,28,674
2025-12-04,SKU025,674,0,667
2025-12-05,SKU025,667,0,660
2025-12-06,SKU025,660,0,660
2025-12-07,SKU025,660,0,655
2025-12-08,SKU025,655,51,697
2025-12-09,SKU025,697,0,689
2025-12-10,SKU025,689,47,729
2025-12-11,SKU025,729,0,728
2025-12-12,SKU025,728,0,727
2025-12-13,SKU025,727,0,726
2025-12-14,SKU025,726,61,778
2025-12-15,SKU025,778,0,771
2025-12-16,SKU025,771,0,770
2025-12-17,SKU025,770,0,765
2025-12-18,SKU025,765,0,756
2025-12-19,SKU025,756,0,747
2025-12-20,SKU025,747,0,742
2025-12-21,SKU025,742,0,739
2025-12-22,SKU025,739,0,734
2025-12-23,SKU025,734,39,766
2025-12-24,SKU025,766,0,763
2025-12-25,SKU025,763,0,756
2025-12-26,SKU025,756,0,748
2025-12-27,SKU025,748,0,740
2025-12-28,SKU025,740,0,738
2025-12-29,SKU025,738,0,738
2025-12-30,SKU025,738,0,732
2025-12-31,SKU025,732,0,723
2025-10-01,SKU026,187,0,178
2025-10-02,SKU026,178,0,171
2025-10-03,SKU026,171,0,163
2025-10-04,SKU026,163,0,160
2025-10-05,SKU026,160,0,156
2025-10-06,SKU026,156,22,178
2025-10-07,SKU026,178,0,173
2025-10-08,SKU026,173,0,171
2025-10-09,SKU026,171,0,171
2025-10-10,SKU026,171,0,171
2025-10-11,SKU026,171,0,168
2025-10-12,SKU026,168,0,165
2025-10-13,SKU026,165,21,183
2025-10-14,SKU026,183,0,183
2025-10-15,SKU026,183,0,180
2025-10-16,SKU026,180,0,179
2025-10-17,SKU026,179,0,170
2025-10-18,SKU026,170,0,167
2025-10-19,SKU026,167,0,167
2025-10-20,SKU026,167,55,217
2025-10-21,SKU026,217,0,209
2025-10-22,SKU026,209,45,250
2025-10-23,SKU026,250,0,248
2025-10-24,SKU026,248,0,243
2025-10-25,SKU026,243,0,241
2025-10-26,SKU026,241,24,259
2025-10-27,SKU026,259,58,309
2025-10-28,SKU026,309,0,301
2025-10-29,SKU026,301,0,294
2025-10-30,SKU026,294,0,287
2025-10-31,SKU026,287,0,279
2025-11-01,SKU026,279,0,274
2025-11-02,SKU026,274,0,270
2025-11-03,SKU026,270,0,268
2025-11-04,SKU026,268,0,260
2025-11-05,SKU026,260,0,251
2025-11-06,SKU026,251,53,300
2025-11-07,SKU026,300,0,292
2025-11-08,SKU026,292,48,339
2025-11-09,SKU026,339,31,363
2025-11-10,SKU026,363,0,361
2025-11-11,SKU026,361,76,431
2025-11-12,SKU026,431,52,474
2025-11-13,SKU026,474,0,469
2025-11-14,SKU026,469,0,462
2025-11-15,SKU026,462,0,460
2025-11-16,SKU026,460,0,457
2025-11-17,SKU026,457,0,453
2025-11-18,SKU026,453,0,453
2025-11-19,SKU026,453,0,445
2025-11-20,SKU026,445,78,522
2025-11-21,SKU026,522,0,513
2025-11-22,SKU026,513,0,507
2025-11-23,SKU026,507,38,539
2025-11-24,SKU026,539,0,534
2025-11-25,SKU026,534,0,531
2025-11-26,SKU026,531,79,602
2025-11-27,SKU026,602,0,599
2025-11-28,SKU026,599,41,634
2025-11-29,SKU026,634,23,648
2025-11-30,SKU026,648,0,641
2025-12-01,SKU026,641,0,639
2025-12-02,SKU026,639,0,630
2025-12-03,SKU026,630,0,625
2025-12-04,SKU026,625,0,622
2025-12-05,SKU026,622,63,680
2025-12-06,SKU026,680,0,676
2025-12-07,SKU026,676,0,669
2025-12-08,SKU026,669,0,662
2025-12-09,SKU026,662,71,728
2025-12-10,SKU026,728,0,721
2025-12-11,SKU026,721,0,712
2025-12-12,SKU026,712,0,709
2025-12-13,SKU026,709,0,707
2025-12-14,SKU026,707,69,769
2025-12-15,SKU026,769,0,765
2025-12-16,SKU026,765,0,762
2025-12-17,SKU026,762,0,757
2025-12-18,SKU026,757,34,788
2025-12-19,SKU026,788,0,780
2025-12-20,SKU026,780,38,817
2025-12-21,SKU026,817,0,813
2025-12-22,SKU026,813,0,813
2025-12-23,SKU026,813,0,809
2025-12-24,SKU026,809,0,801
2025-12-25,SKU026,801,25,823
2025-12-26,SKU026,823,0,816
2025-12-27,SKU026,816,0,813
2025-12-28,SKU026,813,0,809
2025-12-29,SKU026,809,56,861
2025-12-30,SKU026,861,75,929
2025-12-31,SKU026,929,0,926
2025-10-01,SKU027,161,0,157
2025-10-02,SKU027,157,56,205
2025-10-03,SKU027,205,0,198
2025-10-04,SKU027,198,0,195
2025-10-05,SKU027,195,0,194
2025-10-06,SKU027,194,0,193
2025-10-07,SKU027,193,79,272
2025-10-08,SKU027,272,0,263
2025-10-09,SKU027,263,0,262
2025-10-10,SKU027,262,0,261
2025-10-11,SKU027,261,21,277
2025-10-12,SKU027,277,0,272
2025-10-13,SKU027,272,0,265
2025-10-14,SKU027,265,49,309
2025-10-15,SKU027,309,0,308
2025-10-16,SKU027,308,0,302
2025-10-17,SKU027,302,47,341
2025-10-18,SKU027,341,0,338
2025-10-19,SKU027,338,0,329
2025-10-20,SKU027,329,0,327
2025-10-21,SKU027,327,0,327
2025-10-22,SKU027,327,40,361
2025-10-23,SKU027,361,0,354
2025-10-24,SKU027,354,0,349
2025-10-25,SKU027,349,0,342
2025-10-26,SKU027,342,57,395
2025-10-27,SKU027,395,0,387
2025-10-28,SKU027,387,0,379
2025-10-29,SKU027,379,75,453
2025-10-30,SKU027,453,0,446
2025-10-31,SKU027,446,0,440
2025-11-01,SKU027,440,0,436
2025-11-02,SKU027,436,0,436
2025-11-03,SKU027,436,0,427
2025-11-04,SKU027,427,32,454
2025-11-05,SKU027,454,0,448
2025-11-06,SKU027,448,0,447
2025-11-07,SKU027,447,0,441
2025-11-08,SKU027,441,0,438
2025-11-09,SKU027,438,64,500
2025-11-10,SKU027,500,27,520
2025-11-11,SKU027,520,0,517
2025-11-12,SKU027,517,25,537
2025-11-13,SKU027,537,0,528
2025-11-14,SKU027,528,0,522
2025-11-15,SKU027,522,0,517
2025-11-16,SKU027,517,0,512
2025-11-17,SKU027,512,46,558
2025-11-18,SKU027,558,0,554
2025-11-19,SKU027,554,0,552
2025-11-20,SKU027,552,31,577
2025-11-21,SKU027,577,0,568
2025-11-22,SKU027,568,0,561
2025-11-23,SKU027,561,0,553
2025-11-24,SKU027,553,0,551
2025-11-25,SKU027,551,0,549
2025-11-26,SKU027,549,77,623
2025-11-27,SKU027,623,0,618
2025-11-28,SKU027,618,0,610
2025-11-29,SKU027,610,0,602
2025-11-30,SKU027,602,48,648
2025-12-01,SKU027,648,0,644
2025-12-02,SKU027,644,0,643
2025-12-03,SKU027,643,0,642
2025-12-04,SKU027,642,49,683
2025-12-05,SKU027,683,0,675
2025-12-06,SKU027,675,0,669
2025-12-07,SKU027,669,0,664
2025-12-08,SKU027,664,0,662
2025-12-09,SKU027,662,47,701
2025-12-10,SKU027,701,0,697
2025-12-11,SKU027,697,0,696
2025-12-12,SKU027,696,0,688
2025-12-13,SKU027,688,74,758
2025-12-14,SKU027,758,48,801
2025-12-15,SKU027,801,0,795
2025-12-16,SKU027,795,52,845
2025-12-17,SKU027,845,51,896
2025-12-18,SKU027,896,0,895
2025-12-19,SKU027,895,0,887
2025-12-20,SKU027,887,0,882
2025-12-21,SKU027,882,0,881
2025-12-22,SKU027,881,0,879
2025-12-23,SKU027,879,0,871
2025-12-24,SKU027,871,47,912
2025-12-25,SKU027,912,0,911
2025-12-26,SKU027,911,0,910
2025-12-27,SKU027,910,0,901
2025-12-28,SKU027,901,31,924
2025-12-29,SKU027,924,0,915
2025-12-30,SKU027,915,0,915
2025-12-31,SKU027,915,0,911
2025-10-01,SKU028,87,0,80
2025-10-02,SKU028,80,0,71
2025-10-03,SKU028,71,0,67
2025-10-04,SKU028,67,0,62
2025-10-05,SKU028,62,0,57
2025-10-06,SKU028,57,0,55
2025-10-07,SKU028,55,0,53
2025-10-08,SKU028,53,0,52
2025-10-09,SKU028,52,0,43
2025-10-10,SKU028,43,0,38
2025-10-11,SKU028,38,0,37
2025-10-12,SKU028,37,0,35
2025-10-13,SKU028,35,0,33
2025-10-14,SKU028,33,0,28
2025-10-15,SKU028,28,62,90
2025-10-16,SKU028,90,0,82
2025-10-17,SKU028,82,0,75
2025-10-18,SKU028,75,72,138
2025-10-19,SKU028,138,0,132
2025-10-20,SKU028,132,46,176
2025-10-21,SKU028,176,60,235
2025-10-22,SKU028,235,41,274
2025-10-23,SKU028,274,0,265
2025-10-24,SKU028,265,0,257
2025-10-25,SKU028,257,0,248
2025-10-26,SKU028,248,0,243
2025-10-27,SKU028,243,0,242
2025-10-28,SKU028,242,0,242
2025-10-29,SKU028,242,0,241
2025-10-30,SKU028,241,27,261
2025-10-31,SKU028,261,52,305
2025-11-01,SKU028,305,40,336
2025-11-02,SKU028,336,0,334
2025-11-03,SKU028,334,0,334
2025-11-04,SKU028,334,0,329
2025-11-05,SKU028,329,51,379
2025-11-06,SKU028,379,55,426
2025-11-07,SKU028,426,0,424
2025-11-08,SKU028,424,0,417
2025-11-09,SKU028,417,0,417
2025-11-10,SKU028,417,30,441
2025-11-11,SKU028,441,0,439
2025-11-12,SKU028,439,0,432
2025-11-13,SKU028,432,43,475
2025-11-14,SKU028,475,0,468
2025-11-15,SKU028,468,0,460
2025-11-16,SKU028,460,62,517
2025-11-17,SKU028,517,0,510
2025-11-18,SKU028,510,0,504
2025-11-19,SKU028,504,0,499
2025-11-20,SKU028,499,0,497
2025-11-21,SKU028,497,0,489
2025-11-22,SKU028,489,0,482
2025-11-23,SKU028,482,0,479
2025-11-24,SKU028,479,0,471
2025-11-25,SKU028,471,0,463
2025-11-26,SKU028,463,0,455
2025-11-27,SKU028,455,26,481
2025-11-28,SKU028,481,0,472
2025-11-29,SKU028,472,66,530
2025-11-30,SKU028,530,0,521
2025-12-01,SKU028,521,0,521
2025-12-02,SKU028,521,0,517
2025-12-03,SKU028,517,26,540
2025-12-04,SKU028,540,0,535
2025-12-05,SKU028,535,0,526
2025-12-06,SKU028,526,0,521
2025-12-07,SKU028,521,49,567
2025-12-08,SKU028,567,0,563
2025-12-09,SKU028,563,0,558
2025-12-10,SKU028,558,0,554
2025-12-11,SKU028,554,40,589
2025-12-12,SKU028,589,38,627
2025-12-13,SKU028,627,50,674
2025-12-14,SKU028,674,0,667
2025-12-15,SKU028,667,25,690
2025-12-16,SKU028,690,50,740
2025-12-17,SKU028,740,0,738
2025-12-18,SKU028,738,43,779
2025-12-19,SKU028,779,32,808
2025-12-20,SKU028,808,78,883
2025-12-21,SKU028,883,21,896
2025-12-22,SKU028,896,23,919
2025-12-23,SKU028,919,0,915
2025-12-24,SKU028,915,73,983
2025-12-25,SKU028,983,0,975
2025-12-26,SKU028,975,0,970
2025-12-27,SKU028,970,64,1027
2025-12-28,SKU028,1027,0,1025
2025-12-29,SKU028,1025,0,1016
2025-12-30,SKU028,1016,71,1087
2025-12-31,SKU028,1087,0,1086
2025-10-01,SKU029,109,0,103
2025-10-02,SKU029,103,0,99
2025-10-03,SKU029,99,0,93
2025-10-04,SKU029,93,0,85
2025-10-05,SKU029,85,0,84
2025-10-06,SKU029,84,78,157
2025-10-07,SKU029,157,0,149
2025-10-08,SKU029,149,0,141
2025-10-09,SKU029,141,0,139
2025-10-10,SKU029,139,0,135
2025-10-11,SKU029,135,0,134
2025-10-12,SKU029,134,0,131
2025-10-13,SKU029,131,0,124
2025-10-14,SKU029,124,0,122
2025-10-15,SKU029,122,42,162
2025-10-16,SKU029,162,0,161
2025-10-17,SKU029,161,0,158
2025-10-18,SKU029,158,63,214
2025-10-19,SKU029,214,0,210
2025-10-20,SKU029,210,0,207
2025-10-21,SKU029,207,0,206
2025-10-22,SKU029,206,0,205
2025-10-23,SKU029,205,0,200
2025-10-24,SKU029,200,28,225
2025-10-25,SKU029,225,0,217
2025-10-26,SKU029,217,0,214
2025-10-27,SKU029,214,36,248
2025-10-28,SKU029,248,0,239
2025-10-29,SKU029,239,40,277
2025-10-30,SKU029,277,0,276
2025-10-31,SKU029,276,0,269
2025-11-01,SKU029,269,0,265
2025-11-02,SKU029,265,64,328
2025-11-03,SKU029,328,32,354
2025-11-04,SKU029,354,0,348
2025-11-05,SKU029,348,0,341
2025-11-06,SKU029,341,33,373
2025-11-07,SKU029,373,47,414
2025-11-08,SKU029,414,0,411
2025-11-09,SKU029,411,58,461
2025-11-10,SKU029,461,0,461
2025-11-11,SKU029,461,0,453
2025-11-12,SKU029,453,32,481
2025-11-13,SKU029,481,0,480
2025-11-14,SKU029,480,62,539
2025-11-15,SKU029,539,0,534
2025-11-16,SKU029,534,0,527
2025-11-17,SKU029,527,0,519
2025-11-18,SKU029,519,0,519
2025-11-19,SKU029,519,0,516
2025-11-20,SKU029,516,46,562
2025-11-21,SKU029,562,44,604
2025-11-22,SKU029,604,0,595
2025-11-23,SKU029,595,52,645
2025-11-24,SKU029,645,0,645
2025-11-25,SKU029,645,0,645
2025-11-26,SKU029,645,0,643
2025-11-27,SKU029,643,72,709
2025-11-28,SKU029,709,73,780
2025-11-29,SKU029,780,0,773
2025-11-30,SKU029,773,0,772
2025-12-01,SKU029,772,0,772
2025-12-02,SKU029,772,53,825
2025-12-03,SKU029,825,53,878
2025-12-04,SKU029,878,0,873
2025-12-05,SKU029,873,0,866
2025-12-06,SKU029,866,0,857
2025-12-07,SKU029,857,0,849
2025-12-08,SKU029,849,0,844
2025-12-09,SKU029,844,0,844
2025-12-10,SKU029,844,38,881
2025-12-11,SKU029,881,0,874
2025-12-12,SKU029,874,0,872
2025-12-13,SKU029,872,74,942
2025-12-14,SKU029,942,0,936
2025-12-15,SKU029,936,32,961
2025-12-16,SKU029,961,0,961
2025-12-17,SKU029,961,0,956
2025-12-18,SKU029,956,0,948
2025-12-19,SKU029,948,0,940
2025-12-20,SKU029,940,0,932
2025-12-21,SKU029,932,0,931
2025-12-22,SKU029,931,0,928
2025-12-23,SKU029,928,40,963
2025-12-24,SKU029,963,0,956
2025-12-25,SKU029,956,71,1025
2025-12-26,SKU029,1025,31,1052
2025-12-27,SKU029,1052,0,1046
2025-12-28,SKU029,1046,0,1039
2025-12-29,SKU029,1039,0,1038
2025-12-30,SKU029,1038,54,1086
2025-12-31,SKU029,1086,0,1080
2025-10-01,SKU030,63,65,128
2025-10-02,SKU030,128,66,190
2025-10-03,SKU030,190,0,184
2025-10-04,SKU030,184,0,184
2025-10-05,SKU030,184,0,182
2025-10-06,SKU030,182,0,178
2025-10-07,SKU030,178,0,174
2025-10-08,SKU030,174,72,243
2025-10-09,SKU030,243,0,234
2025-10-10,SKU030,234,41,274
2025-10-11,SKU030,274,66,334
2025-10-12,SKU030,334,0,332
2025-10-13,SKU030,332,0,325
2025-10-14,SKU030,325,0,316
2025-10-15,SKU030,316,0,308
2025-10-16,SKU030,308,0,299
2025-10-17,SKU030,299,0,297
2025-10-18,SKU030,297,0,288
2025-10-19,SKU030,288,0,280
2025-10-20,SKU030,280,65,336
2025-10-21,SKU030,336,37,370
2025-10-22,SKU030,370,0,363
2025-10-23,SKU030,363,0,357
2025-10-24,SKU030,357,0,352
2025-10-25,SKU030,352,0,350
2025-10-26,SKU030,350,0,346
2025-10-27,SKU030,346,38,381
2025-10-28,SKU030,381,0,379
2025-10-29,SKU030,379,0,377
2025-10-30,SKU030,377,0,374
2025-10-31,SKU030,374,0,366
2025-11-01,SKU030,366,0,366
2025-11-02,SKU030,366,0,366
2025-11-03,SKU030,366,0,365
2025-11-04,SKU030,365,0,361
2025-11-05,SKU030,361,0,361
2025-11-06,SKU030,361,0,359
2025-11-07,SKU030,359,0,354
2025-11-08,SKU030,354,30,378
2025-11-09,SKU030,378,0,374
2025-11-10,SKU030,374,0,372
2025-11-11,SKU030,372,0,370
2025-11-12,SKU030,370,0,367
2025-11-13,SKU030,367,0,361
2025-11-14,SKU030,361,0,354
2025-11-15,SKU030,354,0,352
2025-11-16,SKU030,352,0,347
2025-11-17,SKU030,347,0,347
2025-11-18,SKU030,347,64,405
2025-11-19,SKU030,405,0,405
2025-11-20,SKU030,405,0,400
2025-11-21,SKU030,400,0,400
2025-11-22,SKU030,400,0,394
2025-11-23,SKU030,394,0,386
2025-11-24,SKU030,386,0,384
2025-11-25,SKU030,384,0,375
2025-11-26,SKU030,375,0,371
2025-11-27,SKU030,371,0,371
2025-11-28,SKU030,371,38,405
2025-11-29,SKU030,405,0,396
2025-11-30,SKU030,396,0,389
2025-12-01,SKU030,389,0,387
2025-12-02,SKU030,387,0,387
2025-12-03,SKU030,387,0,379
2025-12-04,SKU030,379,0,371
2025-12-05,SKU030,371,0,365
2025-12-06,SKU030,365,0,364
2025-12-07,SKU030,364,37,401
2025-12-08,SKU030,401,55,451
2025-12-09,SKU030,451,0,445
2025-12-10,SKU030,445,0,444
2025-12-11,SKU030,444,53,494
2025-12-12,SKU030,494,0,491
2025-12-13,SKU030,491,0,483
2025-12-14,SKU030,483,0,481
2025-12-15,SKU030,481,0,472
2025-12-16,SKU030,472,0,472
2025-12-17,SKU030,472,61,533
2025-12-18,SKU030,533,0,528
2025-12-19,SKU030,528,71,591
2025-12-20,SKU030,591,57,647
2025-12-21,SKU030,647,0,645
2025-12-22,SKU030,645,0,638
2025-12-23,SKU030,638,64,702
2025-12-24,SKU030,702,0,700
2025-12-25,SKU030,700,0,696
2025-12-26,SKU030,696,0,692
2025-12-27,SKU030,692,0,692
2025-12-28,SKU030,692,0,686
2025-12-29,SKU030,686,0,682
2025-12-30,SKU030,682,67,742
2025-12-31,SKU030,742,46,784
